mode	nulltype	draw	tag	chr	beg	end	size	nsnps	Lindley score peak pos	Lindley score peak value	BF (dB) peak pos	BF (dB) peak value	peak pos	-log10(p-val) peak value
continuous	structured	1	structured_continuous_draw01	Chr26	7034375	7066853	32478	91	7065659	6.94227382137504	7061828	5.60155308		
continuous	structured	1	structured_continuous_draw01	Chr6	7922981	7924708	1727	17	7923560	7.54464991829237	7923978	1.15644798		
continuous	structured	1	structured_continuous_draw01	Chr7	7441427	7442065	638	20	7441577	7.39446461026018	7442065	6.80222884		
continuous	structured	2	structured_continuous_draw02	Chr13	2513148	2523806	10658	57	2515123	10.6354030320978	2515491	7.33551716		
continuous	structured	2	structured_continuous_draw02	Chr13	9111762	9117103	5341	30	9112437	10.2201149166082	9114003	-0.72583843		
continuous	structured	2	structured_continuous_draw02	Chr17	6897544	6901622	4078	31	6898660	6.47070932560632	6898740	8.30061007		
continuous	structured	2	structured_continuous_draw02	Chr26	1622631	2276747	654116	1135	2112268	195.2126289185	1766707	16.6305061		
continuous	structured	2	structured_continuous_draw02	Chr26	3399857	4205172	805315	1201	3863587	138.058910963931	3623385	10.37999874		
continuous	structured	2	structured_continuous_draw02	Chr3	12043662	12047584	3922	19	12044188	7.52641297	12044127	-3.89806519		
continuous	structured	2	structured_continuous_draw02	Chr4	7113733	7116730	2997	43	7114254	11.8957113222848	7114156	1.39541401		
continuous	structured	2	structured_continuous_draw02	Chr8	6262051	6359881	97830	141	6275369	15.9410380915723	6278285	10.61423802		
continuous	structured	2	structured_continuous_draw02	Chr8	12482779	12487556	4777	22	12483643	7.25539005708937	12486998	1.74553355		
continuous	structured	3	structured_continuous_draw03	Chr14	1871592	1878756	7164	48	1872335	12.969532215	1876592	0.85380191		
continuous	structured	3	structured_continuous_draw03	Chr3	13480019	13546084	66065	122	13516347	19.6184016780029	13498316	0.64495898		
continuous	structured	3	structured_continuous_draw03	Chr6	9171399	9174337	2938	29	9172161	9.352205641	9172736	0.25876746		
continuous	structured	4	structured_continuous_draw04	Chr15	10168377	10179178	10801	59	10168559	14.424852734	10179118	3.66157465		
continuous	structured	4	structured_continuous_draw04	Chr26	6276844	6582953	306109	321	6440075	54.977051454175	6459298	17.85312958		
continuous	structured	4	structured_continuous_draw04	Chr26	5089600	5716879	627279	648	5388825	29.8798176589754	5613678	14.73500521		
continuous	structured	4	structured_continuous_draw04	Chr26	4797857	5003006	205149	272	4920351	18.368443498771	4904749	20.96451181		
continuous	structured	4	structured_continuous_draw04	Chr26	6654299	6747886	93587	122	6665926	8.746677446	6710470	7.48397717		
continuous	structured	4	structured_continuous_draw04	Chr3	11054424	11115133	60709	116	11098254	26.5163995081044	11063185	9.87178838		
continuous	structured	4	structured_continuous_draw04	Chr6	5389781	5395992	6211	20	5393838	6.83374247052551	5389817	7.41647953		
continuous	structured	4	structured_continuous_draw04	Chr8	9822891	9855357	32466	45	9845723	8.79601795996323	9851058	10.90962453		
continuous	structured	4	structured_continuous_draw04	Chr9	10476787	10483421	6634	36	10478651	9.29274375989337	10477921	29.56559439		
continuous	structured	5	structured_continuous_draw05	Chr2	16776456	16781641	5185	37	16778229	9.51420448467637	16781393	-0.31127696		
continuous	structured	5	structured_continuous_draw05	Chr5	12113206	12114307	1101	22	12113384	8.447010139	12113384	1.87856131		
continuous	structured	6	structured_continuous_draw06	Chr24	3645479	3655092	9613	69	3649472	12.9401469701699	3649264	10.94535292		
continuous	structured	6	structured_continuous_draw06	Chr5	3817251	4050500	233249	301	3958529	16.3947520067552	4003779	12.63282255		
continuous	structured	6	structured_continuous_draw06	Chr5	3394460	3449764	55304	59	3403202	8.26732055028887	3449370	10.31165875		
continuous	structured	6	structured_continuous_draw06	Chr8	6712279	6789088	76809	241	6757660	44.4130223899096	6742511	11.74616517		
continuous	structured	8	structured_continuous_draw08	Chr14	5939591	5941515	1924	24	5939837	8.121480655	5940459	20.33260917		
continuous	structured	8	structured_continuous_draw08	Chr22	7557730	7646697	88967	187	7611369	11.0600772008909	7645031	18.49781987		
continuous	structured	9	structured_continuous_draw09	Chr12	4112162	4115438	3276	29	4112815	7.05185538967442	4115387	9.76327229		
continuous	structured	9	structured_continuous_draw09	Chr13	5526793	5535263	8470	30	5530962	6.85941509852405	5528867	2.77933614		
continuous	structured	9	structured_continuous_draw09	Chr2	13850675	13868657	17982	47	13855658	8.9711489249173	13854749	6.98375649		
continuous	structured	9	structured_continuous_draw09	Chr21	10168791	10181085	12294	41	10173519	12.2890608034539	10176948	11.03874346		
continuous	structured	9	structured_continuous_draw09	Chr21	10151629	10181460	29831	54	10160157	10.0237262978046	10181460	10.15686602		
continuous	structured	9	structured_continuous_draw09	Chr22	2098610	2258397	159787	462	2158930	94.925262534381	2249832	15.98464069		
continuous	structured	9	structured_continuous_draw09	Chr22	1408587	1857454	448867	150	1468608	28.9679702921594	1454020	8.75359515		
continuous	structured	9	structured_continuous_draw09	Chr25	12460058	12474143	14085	40	12464723	7.79596408537053	12470672	5.00955103		
continuous	structured	9	structured_continuous_draw09	Chr6	10351277	10367814	16537	40	10352885	8.274683806	10359035	9.38755024		
continuous	structured	9	structured_continuous_draw09	Chr8	6257371	6547908	290537	252	6340002	17.8411153462585	6262483	14.56120761		
continuous	structured	10	structured_continuous_draw10	Chr11	4626329	4642232	15903	70	4633223	10.3317332397546	4639579	11.67397827		
continuous	structured	10	structured_continuous_draw10	Chr12	2835301	3139616	304315	568	2974076	76.9061925768612	2982448	13.27925843		
continuous	structured	10	structured_continuous_draw10	Chr2	3519111	3524950	5839	29	3521350	9.918639773	3524918	7.10864738		
continuous	structured	10	structured_continuous_draw10	Chr25	7702104	7806919	104815	76	7731871	13.4730178888096	7717496	4.47637893		
mitoC2	structured	1	structured_mitoC2_draw01	Chr1	8114470	8125835	11365	60	8116823	17.123361			8116077	4.11834772
mitoC2	structured	1	structured_mitoC2_draw01	Chr1	12861013	12875634	14621	109	12870573	13.83232851			12867814	3.56852736
mitoC2	structured	1	structured_mitoC2_draw01	Chr1	14790619	14796604	5985	41	14793674	10.99398159			14793613	4.29992085
mitoC2	structured	1	structured_mitoC2_draw01	Chr1	8134058	8137488	3430	25	8135012	10.31933667			8134061	2.51677233
mitoC2	structured	1	structured_mitoC2_draw01	Chr1	14983120	14986883	3763	28	14983403	8.56970082			14983318	2.80915262
mitoC2	structured	1	structured_mitoC2_draw01	Chr1	8912381	8919588	7207	30	8913858	8.54172082			8913538	2.50322828
mitoC2	structured	1	structured_mitoC2_draw01	Chr1	9379381	9383831	4450	39	9381070	8.50557561			9379554	3.86253924
mitoC2	structured	1	structured_mitoC2_draw01	Chr10	7841958	7861001	19043	49	7848880	12.51316106			7844767	3.20241061
mitoC2	structured	1	structured_mitoC2_draw01	Chr11	4840765	4864483	23718	61	4850572	22.44456326			4843784	3.6270389
mitoC2	structured	1	structured_mitoC2_draw01	Chr11	5520352	5535944	15592	60	5527903	12.81859733			5522139	2.31213837
mitoC2	structured	1	structured_mitoC2_draw01	Chr11	8532192	8545453	13261	59	8536163	12.78982352			8532809	3.79798996
mitoC2	structured	1	structured_mitoC2_draw01	Chr11	10074410	10080911	6501	28	10078407	8.12564792			10076865	4.5378404
mitoC2	structured	1	structured_mitoC2_draw01	Chr12	3937631	3943435	5804	37	3938316	15.90694565			3938316	3.71903034
mitoC2	structured	1	structured_mitoC2_draw01	Chr12	4282832	4297591	14759	95	4287016	15.46656868			4287016	3.93296126
mitoC2	structured	1	structured_mitoC2_draw01	Chr12	3855231	3907608	52377	94	3898657	13.37900075			3896051	2.19226878
mitoC2	structured	1	structured_mitoC2_draw01	Chr12	9838176	9840763	2587	25	9839003	8.65554572			9838384	2.93963047
mitoC2	structured	1	structured_mitoC2_draw01	Chr12	7463178	7471243	8065	32	7463550	8.086542			7463366	2.49812103
mitoC2	structured	1	structured_mitoC2_draw01	Chr12	10801785	10810465	8680	44	10806385	8.01097379			10803192	2.5716217
mitoC2	structured	1	structured_mitoC2_draw01	Chr13	10248197	10311743	63546	285	10275689	68.9241670899999			10266218	3.59404804
mitoC2	structured	1	structured_mitoC2_draw01	Chr13	9090994	9097148	6154	45	9093584	9.96531037			9092599	2.46024483
mitoC2	structured	1	structured_mitoC2_draw01	Chr13	5192595	5196677	4082	39	5193423	8.47701193			5195471	2.96988323
mitoC2	structured	1	structured_mitoC2_draw01	Chr14	584108	603169	19061	114	593636	13.03141577			588450	1.89502255
mitoC2	structured	1	structured_mitoC2_draw01	Chr14	1872065	1877075	5010	29	1872292	11.74529698			1872211	4.44928389
mitoC2	structured	1	structured_mitoC2_draw01	Chr15	8153811	8166698	12887	66	8156327	11.71725883			8156327	2.82700613
mitoC2	structured	1	structured_mitoC2_draw01	Chr15	9256208	9264764	8556	44	9261524	8.5161457			9261524	4.29616577
mitoC2	structured	1	structured_mitoC2_draw01	Chr15	5116287	5132616	16329	64	5127076	8.27171242			5120370	3.06953937
mitoC2	structured	1	structured_mitoC2_draw01	Chr16	8323129	8353222	30093	98	8339600	21.56259133			8328325	3.02237284
mitoC2	structured	1	structured_mitoC2_draw01	Chr17	5099051	5110220	11169	48	5105041	14.65889041			5102893	3.43105696
mitoC2	structured	1	structured_mitoC2_draw01	Chr17	10880089	11007965	127876	124	10992618	10.0952674			11007608	2.73519423
mitoC2	structured	1	structured_mitoC2_draw01	Chr17	9598443	9613204	14761	44	9608065	9.41760877			9598444	3.83734224
mitoC2	structured	1	structured_mitoC2_draw01	Chr17	9816746	9818065	1319	18	9817136	8.52351193			9816772	3.22404468
mitoC2	structured	1	structured_mitoC2_draw01	Chr18	2968150	2972853	4703	31	2969322	9.2549484			2969047	2.85989527
mitoC2	structured	1	structured_mitoC2_draw01	Chr18	4925829	4928522	2693	22	4927294	8.45068978			4926781	3.44640256
mitoC2	structured	1	structured_mitoC2_draw01	Chr18	8181057	8190858	9801	55	8182144	7.93741593			8181216	4.15343216
mitoC2	structured	1	structured_mitoC2_draw01	Chr19	3791107	3793133	2026	24	3791746	8.56451553			3791652	2.29315608
mitoC2	structured	1	structured_mitoC2_draw01	Chr19	3907486	3915129	7643	58	3909786	8.53582992			3909140	2.94715464
mitoC2	structured	1	structured_mitoC2_draw01	Chr19	5973596	5980140	6544	32	5976014	8.51406643			5974727	2.88606471
mitoC2	structured	1	structured_mitoC2_draw01	Chr19	3978163	3987747	9584	54	3986591	7.74402735			3985280	2.80954566
mitoC2	structured	1	structured_mitoC2_draw01	Chr2	5172760	5311347	138587	383	5267966	55.319402			5220148	3.17817793
mitoC2	structured	1	structured_mitoC2_draw01	Chr2	15235087	15239263	4176	29	15235486	9.78505369			15235401	2.46817026
mitoC2	structured	1	structured_mitoC2_draw01	Chr2	12854160	12856674	2514	25	12854660	8.45267052			12854628	3.65154773
mitoC2	structured	1	structured_mitoC2_draw01	Chr20	7742986	7771917	28931	154	7759431	16.04398148			7747844	3.67569456
mitoC2	structured	1	structured_mitoC2_draw01	Chr20	8580406	8587558	7152	53	8581764	12.22784463			8580506	2.76037594
mitoC2	structured	1	structured_mitoC2_draw01	Chr20	7895114	7900275	5161	21	7896214	8.19781604			7896214	3.37886554
mitoC2	structured	1	structured_mitoC2_draw01	Chr21	5792016	5799934	7918	39	5793261	11.72971663			5793190	3.51616534
mitoC2	structured	1	structured_mitoC2_draw01	Chr21	9414419	9424634	10215	69	9420154	10.45065563			9417565	2.51825357
mitoC2	structured	1	structured_mitoC2_draw01	Chr21	9649952	9652635	2683	35	9650554	9.71882941			9650230	2.77556788
mitoC2	structured	1	structured_mitoC2_draw01	Chr22	7589193	7646697	57504	134	7646666	50.27663743			7606172	2.36525498
mitoC2	structured	1	structured_mitoC2_draw01	Chr22	3501261	3518074	16813	69	3507517	14.7538696			3505429	3.80845802
mitoC2	structured	1	structured_mitoC2_draw01	Chr22	5296394	5304765	8371	57	5298330	12.05686557			5297944	2.89318795
mitoC2	structured	1	structured_mitoC2_draw01	Chr24	4209249	4216761	7512	38	4210789	15.11507149			4210751	3.32059586
mitoC2	structured	1	structured_mitoC2_draw01	Chr24	5360410	5383186	22776	99	5369993	11.47833813			5368172	3.09789521
mitoC2	structured	1	structured_mitoC2_draw01	Chr24	5688530	5702230	13700	57	5688990	9.99463853			5688666	2.93565834
mitoC2	structured	1	structured_mitoC2_draw01	Chr24	1313621	1334031	20410	40	1315641	8.16287345			1315106	2.2727484
mitoC2	structured	1	structured_mitoC2_draw01	Chr24	3645138	3650292	5154	60	3647236	7.65564815			3647194	1.82843237
mitoC2	structured	1	structured_mitoC2_draw01	Chr25	8690067	8696002	5935	38	8691255	10.02905601			8690697	2.97414024
mitoC2	structured	1	structured_mitoC2_draw01	Chr25	12122480	12132600	10120	54	12128246	9.76396335			12128150	3.02249233
mitoC2	structured	1	structured_mitoC2_draw01	Chr26	6651805	6747887	96082	125	6742611	9.75984705			6697771	1.93777561
mitoC2	structured	1	structured_mitoC2_draw01	Chr27	6090222	6099606	9384	52	6095271	12.56269326			6091374	3.2227164
mitoC2	structured	1	structured_mitoC2_draw01	Chr27	6403938	6408342	4404	25	6404080	9.27799887			6404076	3.35902148
mitoC2	structured	1	structured_mitoC2_draw01	Chr27	5238574	5241836	3262	29	5238876	9.18026014			5238806	2.7004167
mitoC2	structured	1	structured_mitoC2_draw01	Chr3	1521659	1526020	4361	34	1522803	9.98579866			1522657	2.57800146
mitoC2	structured	1	structured_mitoC2_draw01	Chr3	13380338	13384636	4298	39	13380435	9.63641443			13380422	4.20810767
mitoC2	structured	1	structured_mitoC2_draw01	Chr3	543443	550280	6837	47	547610	9.55625632			543869	3.39899021
mitoC2	structured	1	structured_mitoC2_draw01	Chr3	14970903	14975878	4975	22	14974636	8.57034094			14972736	2.64970638
mitoC2	structured	1	structured_mitoC2_draw01	Chr4	6384169	6425028	40859	245	6400923	51.24174765			6407984	3.23600446
mitoC2	structured	1	structured_mitoC2_draw01	Chr4	9186412	9201860	15448	88	9190428	19.2599503			9189481	4.65409554
mitoC2	structured	1	structured_mitoC2_draw01	Chr4	12321703	12327764	6061	59	12323100	15.85598899			12326155	3.18044712
mitoC2	structured	1	structured_mitoC2_draw01	Chr4	9498479	9506951	8472	69	9498842	13.98430497			9501516	2.73512085
mitoC2	structured	1	structured_mitoC2_draw01	Chr4	4618666	4624584	5918	36	4620438	10.88412787			4620331	3.69561682
mitoC2	structured	1	structured_mitoC2_draw01	Chr4	13907500	13916062	8562	41	13913466	9.58758802			13913094	2.5872269
mitoC2	structured	1	structured_mitoC2_draw01	Chr4	7284652	7286904	2252	23	7285408	9.42835372			7285264	3.08684295
mitoC2	structured	1	structured_mitoC2_draw01	Chr4	9695632	9699489	3857	37	9697364	8.26265337			9696552	2.62093868
mitoC2	structured	1	structured_mitoC2_draw01	Chr5	12274884	12284925	10041	73	12279606	15.72370473			12277236	3.06563059
mitoC2	structured	1	structured_mitoC2_draw01	Chr5	5332598	5508259	175661	45	5337699	13.64076768			5336492	2.89489756
mitoC2	structured	1	structured_mitoC2_draw01	Chr5	14633863	14643540	9677	37	14636861	11.17626718			14636861	2.39881383
mitoC2	structured	1	structured_mitoC2_draw01	Chr5	3834859	3995910	161051	214	3884692	8.63846098			3852804	2.05064872
mitoC2	structured	1	structured_mitoC2_draw01	Chr5	10539095	10540093	998	21	10539261	8.57423696			10539215	2.78275942
mitoC2	structured	1	structured_mitoC2_draw01	Chr5	12434345	12441468	7123	56	12439625	8.2856691			12436497	2.90166112
mitoC2	structured	1	structured_mitoC2_draw01	Chr5	13768826	13778718	9892	30	13770395	8.28127583			13769673	3.34120389
mitoC2	structured	1	structured_mitoC2_draw01	Chr6	7741197	7752696	11499	68	7745058	9.06770972			7743400	3.25586592
mitoC2	structured	1	structured_mitoC2_draw01	Chr7	12614526	12624271	9745	64	12618650	15.11992864			12614723	3.79602913
mitoC2	structured	1	structured_mitoC2_draw01	Chr7	13297630	13365868	68238	71	13355853	13.34290417			13330057	3.21547653
mitoC2	structured	1	structured_mitoC2_draw01	Chr7	11231027	11244971	13944	46	11239000	12.34095694			11234647	3.14188951
mitoC2	structured	1	structured_mitoC2_draw01	Chr7	5832397	5839276	6879	42	5835840	11.54801543			5832475	3.3788609
mitoC2	structured	1	structured_mitoC2_draw01	Chr7	13049380	13057810	8430	48	13053764	8.94768502			13049718	3.33427638
mitoC2	structured	1	structured_mitoC2_draw01	Chr7	11217252	11226787	9535	32	11222049	8.71073564			11222024	2.36202589
mitoC2	structured	1	structured_mitoC2_draw01	Chr7	10913802	10917214	3412	26	10915342	8.52671193			10915342	3.2169221
mitoC2	structured	1	structured_mitoC2_draw01	Chr7	12662714	12666541	3827	36	12664085	8.33880102			12663089	2.77689268
mitoC2	structured	1	structured_mitoC2_draw01	Chr7	8496905	8499117	2212	24	8497117	8.3305441			8497004	3.28119828
mitoC2	structured	1	structured_mitoC2_draw01	Chr8	6711613	6769272	57659	191	6757660	14.27524247			6747562	1.83218428
mitoC2	structured	1	structured_mitoC2_draw01	Chr8	1856042	1909666	53624	79	1868327	10.61496062			1868233	2.55991682
mitoC2	structured	1	structured_mitoC2_draw01	Chr8	9008996	9015103	6107	43	9010650	10.31492658			9009840	2.88378889
mitoC2	structured	1	structured_mitoC2_draw01	Chr8	9740470	9753805	13335	54	9747228	9.79649409			9743730	2.86213989
mitoC2	structured	1	structured_mitoC2_draw01	Chr9	4567929	4584632	16703	65	4571328	21.8469763			4568521	3.25447393
mitoC2	structured	1	structured_mitoC2_draw01	Chr9	6477247	6484139	6892	52	6480416	17.28817567			6479232	3.33447899
mitoC2	structured	1	structured_mitoC2_draw01	Chr9	9271498	9279575	8077	41	9277082	10.62407423			9274403	3.61663118
mitoC2	structured	1	structured_mitoC2_draw01	Chr9	8790544	8795708	5164	32	8793313	9.18363376			8790871	2.50928505
mitoC2	structured	2	structured_mitoC2_draw02	Chr1	12864739	12875876	11137	90	12866783	21.43120667			12866422	4.55939546
mitoC2	structured	2	structured_mitoC2_draw02	Chr1	9300241	9309253	9012	77	9303565	16.89895624			9302305	3.9100848
mitoC2	structured	2	structured_mitoC2_draw02	Chr1	9481700	9486267	4567	45	9483149	13.94896465			9482342	3.6198147
mitoC2	structured	2	structured_mitoC2_draw02	Chr1	11557454	11568586	11132	47	11559083	13.37485767			11558711	3.45982044
mitoC2	structured	2	structured_mitoC2_draw02	Chr1	993057	996046	2989	27	993565	11.87952024			993559	3.2383566
mitoC2	structured	2	structured_mitoC2_draw02	Chr1	435320	443578	8258	47	436336	11.63846518			435845	2.72024988
mitoC2	structured	2	structured_mitoC2_draw02	Chr1	367424	397553	30129	120	385219	10.12791322			374750	3.05315235
mitoC2	structured	2	structured_mitoC2_draw02	Chr1	12738872	12756003	17131	29	12746218	9.56860082			12746188	2.97520374
mitoC2	structured	2	structured_mitoC2_draw02	Chr1	8852519	8856851	4332	25	8853751	9.54488173			8852540	3.05773252
mitoC2	structured	2	structured_mitoC2_draw02	Chr1	421591	432983	11392	50	427791	8.71322722			427791	2.97875847
mitoC2	structured	2	structured_mitoC2_draw02	Chr10	8730600	8739860	9260	27	8731651	10.49745078			8731081	2.83366502
mitoC2	structured	2	structured_mitoC2_draw02	Chr10	9695687	9698082	2395	19	9695902	8.90998232			9695895	3.73636133
mitoC2	structured	2	structured_mitoC2_draw02	Chr11	9055294	9064552	9258	43	9055820	9.77627792			9055471	3.08187893
mitoC2	structured	2	structured_mitoC2_draw02	Chr11	9722165	9728021	5856	31	9722697	8.24681857			9722454	3.77567453
mitoC2	structured	2	structured_mitoC2_draw02	Chr12	6472861	6489497	16636	96	6477449	18.40166482			6483910	2.96799284
mitoC2	structured	2	structured_mitoC2_draw02	Chr12	4807695	4815252	7557	46	4808944	12.95612928			4808439	5.32482274
mitoC2	structured	2	structured_mitoC2_draw02	Chr12	10272845	10281389	8544	67	10277767	11.16377767			10277767	2.54484572
mitoC2	structured	2	structured_mitoC2_draw02	Chr12	10910594	10926875	16281	51	10913170	10.3905051			10911472	2.37622262
mitoC2	structured	2	structured_mitoC2_draw02	Chr12	5472603	5477102	4499	30	5473668	9.39386873			5473554	2.45198576
mitoC2	structured	2	structured_mitoC2_draw02	Chr12	7656791	7669007	12216	52	7662621	8.56198291			7662621	3.25315027
mitoC2	structured	2	structured_mitoC2_draw02	Chr12	7259983	7265357	5374	36	7261037	8.16871736			7260241	2.7343736
mitoC2	structured	2	structured_mitoC2_draw02	Chr12	9650026	9655127	5101	27	9650631	8.00173166			9650252	4.28891964
mitoC2	structured	2	structured_mitoC2_draw02	Chr12	6717023	6725214	8191	37	6717550	7.9813886			6717550	3.10275523
mitoC2	structured	2	structured_mitoC2_draw02	Chr13	9759585	9764838	5253	37	9761317	11.31264274			9761317	3.53614852
mitoC2	structured	2	structured_mitoC2_draw02	Chr13	3257005	3263204	6199	49	3259724	8.63056849			3259237	2.35286823
mitoC2	structured	2	structured_mitoC2_draw02	Chr14	855077	891229	36152	69	869146	11.01970738			855356	2.23537668
mitoC2	structured	2	structured_mitoC2_draw02	Chr14	1184212	1187726	3514	20	1184346	8.68055886			1184303	3.31335958
mitoC2	structured	2	structured_mitoC2_draw02	Chr15	6890948	6899111	8163	53	6892309	12.07290703			6891925	4.40772154
mitoC2	structured	2	structured_mitoC2_draw02	Chr16	6764078	6930194	166116	423	6826847	63.39012351			6790998	3.16399736
mitoC2	structured	2	structured_mitoC2_draw02	Chr16	7413620	7432576	18956	76	7421167	31.62564456			7417052	5.55385851
mitoC2	structured	2	structured_mitoC2_draw02	Chr16	6955498	6958964	3466	32	6955921	13.86071645			6955921	3.64099195
mitoC2	structured	2	structured_mitoC2_draw02	Chr17	4590548	4722910	132362	327	4706062	20.52994327			4708473	1.83451623
mitoC2	structured	2	structured_mitoC2_draw02	Chr17	10880089	11007965	127876	124	10998896	19.31060635			10882765	2.14323728
mitoC2	structured	2	structured_mitoC2_draw02	Chr17	1667676	1701649	33973	59	1687394	14.45362116			1669495	3.17570741
mitoC2	structured	2	structured_mitoC2_draw02	Chr17	6891569	6905935	14366	69	6898740	11.93611183			6897796	2.75660669
mitoC2	structured	2	structured_mitoC2_draw02	Chr18	8598662	8640174	41512	140	8612731	20.51812414			8601388	3.5173087
mitoC2	structured	2	structured_mitoC2_draw02	Chr18	7555433	7565772	10339	66	7559625	11.93341615			7556097	4.23063985
mitoC2	structured	2	structured_mitoC2_draw02	Chr19	4196011	4199330	3319	33	4196458	14.81674874			4196050	4.48087491
mitoC2	structured	2	structured_mitoC2_draw02	Chr19	6362595	6366213	3618	28	6362682	9.39392116			6362634	3.16220947
mitoC2	structured	2	structured_mitoC2_draw02	Chr19	4129887	4133203	3316	28	4130419	7.63600639			4130338	2.91876587
mitoC2	structured	2	structured_mitoC2_draw02	Chr2	5168677	5257053	88376	193	5196085	37.03589745			5192295	3.22264352
mitoC2	structured	2	structured_mitoC2_draw02	Chr2	13838130	13864390	26260	81	13849741	15.90627718			13846643	2.82263147
mitoC2	structured	2	structured_mitoC2_draw02	Chr2	15799083	15801191	2108	27	15799530	10.94590644			15799440	3.28448618
mitoC2	structured	2	structured_mitoC2_draw02	Chr2	3092139	3096458	4319	36	3093751	10.59467377			3093007	3.78055467
mitoC2	structured	2	structured_mitoC2_draw02	Chr2	8148278	8152827	4549	27	8150507	8.42497284			8150061	3.44537389
mitoC2	structured	2	structured_mitoC2_draw02	Chr2	7582652	7592373	9721	47	7586513	8.40081646			7586513	2.26325538
mitoC2	structured	2	structured_mitoC2_draw02	Chr20	7754081	7767960	13879	68	7759893	11.70883676			7755231	3.56929657
mitoC2	structured	2	structured_mitoC2_draw02	Chr21	4728372	4737085	8713	64	4730858	14.65993048			4729925	4.23473939
mitoC2	structured	2	structured_mitoC2_draw02	Chr21	8252297	8255677	3380	32	8253000	9.52847351			8252738	3.17574464
mitoC2	structured	2	structured_mitoC2_draw02	Chr21	8707287	8711599	4312	21	8708341	9.17306261			8707596	4.15794041
mitoC2	structured	2	structured_mitoC2_draw02	Chr21	9270935	9280049	9114	30	9273125	8.56717651			9273125	4.17642553
mitoC2	structured	2	structured_mitoC2_draw02	Chr22	2098610	2229868	131258	322	2192259	76.9170285699999			2143847	2.91146847
mitoC2	structured	2	structured_mitoC2_draw02	Chr22	4245682	4266830	21148	130	4253524	17.66194649			4249650	3.28834661
mitoC2	structured	2	structured_mitoC2_draw02	Chr22	3851318	3861344	10026	52	3853362	12.80255469			3851459	3.12457901
mitoC2	structured	2	structured_mitoC2_draw02	Chr22	1408587	1469320	60733	69	1464949	11.85885399			1410575	2.39693963
mitoC2	structured	2	structured_mitoC2_draw02	Chr22	5141885	5157330	15445	69	5150682	11.77951046			5143050	3.33016478
mitoC2	structured	2	structured_mitoC2_draw02	Chr22	3832803	3838483	5680	70	3834607	8.99616274			3836888	2.93670421
mitoC2	structured	2	structured_mitoC2_draw02	Chr22	6448938	6455123	6185	48	6452762	8.75845607			6451406	3.52458521
mitoC2	structured	2	structured_mitoC2_draw02	Chr24	893623	917486	23863	132	911552	15.39335959			908308	3.53307242
mitoC2	structured	2	structured_mitoC2_draw02	Chr24	1626045	1673586	47541	73	1659200	10.05729864			1667897	2.38641602
mitoC2	structured	2	structured_mitoC2_draw02	Chr24	3014848	3028144	13296	49	3019183	9.69522006			3015534	3.0620212
mitoC2	structured	2	structured_mitoC2_draw02	Chr24	4294283	4301776	7493	40	4298267	8.01869575			4296683	2.86054808
mitoC2	structured	2	structured_mitoC2_draw02	Chr25	12136573	12152438	15865	56	12145626	13.13219349			12142903	2.72719318
mitoC2	structured	2	structured_mitoC2_draw02	Chr25	9408453	9414377	5924	36	9409574	11.28537967			9409511	3.51273118
mitoC2	structured	2	structured_mitoC2_draw02	Chr26	1599550	2421060	821510	1395	2111966	200.33912532			2061448	2.31824729
mitoC2	structured	2	structured_mitoC2_draw02	Chr26	3621480	4072445	450965	673	3912069	86.48677983			3913307	2.30393463
mitoC2	structured	2	structured_mitoC2_draw02	Chr26	3547141	4073401	526260	139	3613064	16.05734264			3613064	1.82314062
mitoC2	structured	2	structured_mitoC2_draw02	Chr26	3434866	3509820	74954	107	3479030	13.26806852			3469288	1.9554805
mitoC2	structured	2	structured_mitoC2_draw02	Chr27	5240355	5249051	8696	44	5242469	7.46432026			5241004	3.57071973
mitoC2	structured	2	structured_mitoC2_draw02	Chr3	15189245	15211569	22324	153	15202289	20.66366033			15189547	4.22840196
mitoC2	structured	2	structured_mitoC2_draw02	Chr3	6100644	6119937	19293	66	6109573	15.6971942			6108978	2.67057817
mitoC2	structured	2	structured_mitoC2_draw02	Chr3	12130382	12151546	21164	67	12145981	11.90520404			12145618	3.11227677
mitoC2	structured	2	structured_mitoC2_draw02	Chr3	14618231	14633593	15362	43	14620881	11.43440522			14618583	5.10517458
mitoC2	structured	2	structured_mitoC2_draw02	Chr3	11871844	11881779	9935	30	11872531	11.34052284			11872510	3.20155043
mitoC2	structured	2	structured_mitoC2_draw02	Chr3	14724241	14733760	9519	55	14727945	10.56512536			14727109	4.31393742
mitoC2	structured	2	structured_mitoC2_draw02	Chr3	14030558	14039647	9089	52	14033190	10.49216543			14033176	4.4635339
mitoC2	structured	2	structured_mitoC2_draw02	Chr3	4811461	4819721	8260	37	4815061	10.13863074			4813235	3.37787414
mitoC2	structured	2	structured_mitoC2_draw02	Chr3	13248623	13256548	7925	46	13252202	9.93510674			13249123	3.30904162
mitoC2	structured	2	structured_mitoC2_draw02	Chr3	13286096	13293186	7090	56	13289818	9.78545653			13289818	3.83409164
mitoC2	structured	2	structured_mitoC2_draw02	Chr3	4894754	4898893	4139	23	4894923	9.7704695			4894911	3.50641537
mitoC2	structured	2	structured_mitoC2_draw02	Chr4	6390079	6418829	28750	199	6400923	25.15638706			6396688	3.64199006
mitoC2	structured	2	structured_mitoC2_draw02	Chr4	15634552	15647614	13062	71	15639149	22.72814397			15639149	3.72132524
mitoC2	structured	2	structured_mitoC2_draw02	Chr4	16055839	16089873	34034	99	16066002	22.43129453			16060631	2.8491226
mitoC2	structured	2	structured_mitoC2_draw02	Chr4	16498458	16651790	153332	230	16532429	16.44332734			16505139	2.60921381
mitoC2	structured	2	structured_mitoC2_draw02	Chr4	7256642	7260857	4215	39	7257922	11.61385588			7257400	3.64527287
mitoC2	structured	2	structured_mitoC2_draw02	Chr4	7113945	7116687	2742	38	7114254	11.54453887			7114088	2.38129359
mitoC2	structured	2	structured_mitoC2_draw02	Chr4	4988573	5058842	70269	135	5054242	10.99866533			5008935	2.20498124
mitoC2	structured	2	structured_mitoC2_draw02	Chr4	12819169	12822506	3337	27	12819830	9.04114167			12819398	2.44977425
mitoC2	structured	2	structured_mitoC2_draw02	Chr5	13515138	13544337	29199	77	13525694	25.9796674			13525139	4.62075584
mitoC2	structured	2	structured_mitoC2_draw02	Chr5	12521204	12543855	22651	98	12535505	16.34025702			12541920	2.81574845
mitoC2	structured	2	structured_mitoC2_draw02	Chr5	11485025	11494590	9565	76	11491144	13.43889561			11489792	3.33686565
mitoC2	structured	2	structured_mitoC2_draw02	Chr5	12226789	12230094	3305	33	12227772	8.74895529			12227674	4.66823738
mitoC2	structured	2	structured_mitoC2_draw02	Chr6	10137090	10185657	48567	212	10153865	51.69042609			10141616	3.98889511
mitoC2	structured	2	structured_mitoC2_draw02	Chr6	2231973	2300067	68094	203	2285261	47.00384944			2255808	3.22203279
mitoC2	structured	2	structured_mitoC2_draw02	Chr6	10194676	10205747	11071	66	10197929	10.75664976			10198627	2.91034196
mitoC2	structured	2	structured_mitoC2_draw02	Chr6	10109360	10130621	21261	96	10111747	9.99757653			10111747	2.88626771
mitoC2	structured	2	structured_mitoC2_draw02	Chr6	7347697	7351915	4218	37	7349679	9.63187811			7348412	2.83062579
mitoC2	structured	2	structured_mitoC2_draw02	Chr6	7434892	7441024	6132	37	7437557	9.41065275			7436318	2.48019685
mitoC2	structured	2	structured_mitoC2_draw02	Chr6	7263659	7269407	5748	39	7265901	8.17269685			7264569	3.21454569
mitoC2	structured	2	structured_mitoC2_draw02	Chr7	989445	2863750	1874305	4087	2266349	631.582450359999			2627904	4.00771477
mitoC2	structured	2	structured_mitoC2_draw02	Chr7	11408006	11420956	12950	61	11413363	14.96153554			11408818	3.85095866
mitoC2	structured	2	structured_mitoC2_draw02	Chr7	2689	378975	376286	121	151787	14.09850285			373124	2.90530385
mitoC2	structured	2	structured_mitoC2_draw02	Chr7	12663089	12667422	4333	42	12663418	12.77860048			12663402	4.57696493
mitoC2	structured	2	structured_mitoC2_draw02	Chr7	542034	627075	85041	189	615573	10.25076245			571545	2.05310421
mitoC2	structured	2	structured_mitoC2_draw02	Chr7	11263968	11283824	19856	63	11270392	9.92720029			11270329	2.63645914
mitoC2	structured	2	structured_mitoC2_draw02	Chr7	7636720	7647058	10338	62	7639573	9.85651249			7637665	2.22472027
mitoC2	structured	2	structured_mitoC2_draw02	Chr8	6257721	6713050	455329	578	6337389	108.28451317			6275369	2.74876088
mitoC2	structured	2	structured_mitoC2_draw02	Chr8	12547921	12558170	10249	48	12550589	17.36253383			12548170	3.22727118
mitoC2	structured	2	structured_mitoC2_draw02	Chr8	6208834	6231784	22950	96	6221379	12.88645032			6212372	3.1122456
mitoC2	structured	2	structured_mitoC2_draw02	Chr8	7651293	7657869	6576	44	7654211	10.93291818			7653025	3.31019269
mitoC2	structured	2	structured_mitoC2_draw02	Chr9	2198800	2235938	37138	153	2215298	17.17316639			2220865	2.27571288
mitoC2	structured	2	structured_mitoC2_draw02	Chr9	9614588	9618844	4256	29	9614744	10.10328257			9614729	3.70194472
mitoC2	structured	2	structured_mitoC2_draw02	Chr9	6480938	6492251	11313	38	6482536	8.98111116			6482106	2.97164648
mitoC2	structured	2	structured_mitoC2_draw02	Chr9	5947770	5951624	3854	25	5949570	8.54932686			5949086	4.07722889
mitoC2	structured	3	structured_mitoC2_draw03	Chr1	8616885	8658010	41125	141	8639598	26.1860961			8624479	4.0755492
mitoC2	structured	3	structured_mitoC2_draw03	Chr1	12433670	12442291	8621	61	12436600	17.39745294			12434493	3.46627622
mitoC2	structured	3	structured_mitoC2_draw03	Chr1	2074164	2081219	7055	70	2076071	15.94472738			2075195	3.81775323
mitoC2	structured	3	structured_mitoC2_draw03	Chr1	1689616	1697077	7461	41	1690312	12.8982972			1690217	2.62993116
mitoC2	structured	3	structured_mitoC2_draw03	Chr1	13288729	13308544	19815	48	13298986	10.74350413			13298058	2.45999288
mitoC2	structured	3	structured_mitoC2_draw03	Chr1	9777410	9787132	9722	59	9782418	9.94554454			9782134	3.87163092
mitoC2	structured	3	structured_mitoC2_draw03	Chr1	12524262	12531061	6799	47	12526218	9.72937991			12524650	3.0897229
mitoC2	structured	3	structured_mitoC2_draw03	Chr1	15868976	15886460	17484	73	15872027	9.36029259			15872027	2.76753458
mitoC2	structured	3	structured_mitoC2_draw03	Chr1	7013136	7019171	6035	44	7015614	8.65103427			7015614	3.38455651
mitoC2	structured	3	structured_mitoC2_draw03	Chr10	8131398	8174457	43059	70	8152834	9.59121565			8146688	3.24695233
mitoC2	structured	3	structured_mitoC2_draw03	Chr10	9700241	9703277	3036	28	9701135	9.19724135			9701054	3.44622001
mitoC2	structured	3	structured_mitoC2_draw03	Chr11	4952870	5014991	62121	83	5008289	9.76323295			5007880	2.69425578
mitoC2	structured	3	structured_mitoC2_draw03	Chr11	7153271	7162931	9660	54	7154826	9.57057781			7154344	3.66412739
mitoC2	structured	3	structured_mitoC2_draw03	Chr11	5082033	5111314	29281	56	5093017	9.51934127			5098936	2.74888585
mitoC2	structured	3	structured_mitoC2_draw03	Chr11	11523461	11530527	7066	53	11529370	9.38471282			11526676	2.27681051
mitoC2	structured	3	structured_mitoC2_draw03	Chr11	7106834	7112836	6002	42	7107978	8.96580329			7107728	3.00878014
mitoC2	structured	3	structured_mitoC2_draw03	Chr12	11026777	11068250	41473	136	11046066	33.79658752			11034009	3.37663292
mitoC2	structured	3	structured_mitoC2_draw03	Chr12	9639813	9646958	7145	46	9642994	15.39846993			9640330	2.96708302
mitoC2	structured	3	structured_mitoC2_draw03	Chr12	5394143	5405857	11714	87	5401898	14.69090613			5396433	4.2283466
mitoC2	structured	3	structured_mitoC2_draw03	Chr12	9164718	9175019	10301	69	9170190	14.6062066			9165020	3.37359946
mitoC2	structured	3	structured_mitoC2_draw03	Chr12	5534055	5548173	14118	111	5540919	13.37678801			5534122	4.43984726
mitoC2	structured	3	structured_mitoC2_draw03	Chr12	5471471	5479432	7961	45	5473554	11.0079494			5472422	4.43892199
mitoC2	structured	3	structured_mitoC2_draw03	Chr12	5428280	5434666	6386	46	5429392	10.40304425			5429316	3.64093298
mitoC2	structured	3	structured_mitoC2_draw03	Chr13	6813113	6816527	3414	22	6813628	10.46217694			6813604	3.24941432
mitoC2	structured	3	structured_mitoC2_draw03	Chr13	4412647	4418408	5761	47	4415089	9.2836088			4414872	3.06915929
mitoC2	structured	3	structured_mitoC2_draw03	Chr14	1040427	1136776	96349	314	1098450	27.23437011			1094790	1.86084578
mitoC2	structured	3	structured_mitoC2_draw03	Chr14	1871592	1880218	8626	60	1876477	17.00550986			1872292	3.26298547
mitoC2	structured	3	structured_mitoC2_draw03	Chr14	1663906	1670066	6160	29	1666193	9.5844092			1666193	3.58210583
mitoC2	structured	3	structured_mitoC2_draw03	Chr15	10112503	10137962	25459	86	10120049	16.13340972			10115620	3.04607423
mitoC2	structured	3	structured_mitoC2_draw03	Chr15	7156873	7161160	4287	32	7157127	11.59812416			7157028	2.71086155
mitoC2	structured	3	structured_mitoC2_draw03	Chr15	6498526	6500439	1913	22	6498669	9.4638924			6498669	3.32325942
mitoC2	structured	3	structured_mitoC2_draw03	Chr16	6420559	6487012	66453	248	6433797	47.02288572			6430627	2.16345277
mitoC2	structured	3	structured_mitoC2_draw03	Chr16	8899493	8906680	7187	44	8901393	12.69078375			8900435	4.10034284
mitoC2	structured	3	structured_mitoC2_draw03	Chr16	10130481	10136641	6160	35	10132487	10.24495075			10131736	3.214946
mitoC2	structured	3	structured_mitoC2_draw03	Chr16	7892787	7900021	7234	29	7895465	8.25913628			7894084	2.61859282
mitoC2	structured	3	structured_mitoC2_draw03	Chr17	5990296	6214622	224326	357	6082799	91.17969537			6135427	3.84349188
mitoC2	structured	3	structured_mitoC2_draw03	Chr17	4756987	4828262	71275	228	4775164	43.0253604			4771032	4.38891397
mitoC2	structured	3	structured_mitoC2_draw03	Chr17	2630483	2775280	144797	269	2737050	24.85033494			2771652	2.89813481
mitoC2	structured	3	structured_mitoC2_draw03	Chr17	5367830	5420532	52702	171	5404013	21.69703638			5393361	2.11810546
mitoC2	structured	3	structured_mitoC2_draw03	Chr17	9822799	9831324	8525	58	9823848	20.7009127			9823808	4.43875056
mitoC2	structured	3	structured_mitoC2_draw03	Chr17	5830488	5853071	22583	86	5838742	15.9293591			5837010	3.25273864
mitoC2	structured	3	structured_mitoC2_draw03	Chr17	9111622	9120139	8517	50	9116100	14.55783832			9111888	5.05778004
mitoC2	structured	3	structured_mitoC2_draw03	Chr17	8982162	8994303	12141	58	8988152	11.82904985			8985157	2.30293608
mitoC2	structured	3	structured_mitoC2_draw03	Chr17	3042228	3082753	40525	99	3063266	11.5081949			3048912	2.82799102
mitoC2	structured	3	structured_mitoC2_draw03	Chr17	5880117	5889405	9288	23	5886326	9.60532574			5886326	3.00603358
mitoC2	structured	3	structured_mitoC2_draw03	Chr17	1697833	1720324	22491	76	1710258	8.78686252			1701649	2.68752866
mitoC2	structured	3	structured_mitoC2_draw03	Chr17	10121706	10129218	7512	41	10123123	8.41401346			10121778	3.14942662
mitoC2	structured	3	structured_mitoC2_draw03	Chr18	7962105	7971639	9534	80	7963898	11.82472516			7963622	3.59934383
mitoC2	structured	3	structured_mitoC2_draw03	Chr18	8091680	8096231	4551	31	8093052	10.98233327			8093052	4.35192824
mitoC2	structured	3	structured_mitoC2_draw03	Chr18	2808803	2818812	10009	40	2810515	8.33053353			2809832	3.0579687
mitoC2	structured	3	structured_mitoC2_draw03	Chr18	3640925	3654827	13902	37	3650466	8.11258559			3650466	2.27363195
mitoC2	structured	3	structured_mitoC2_draw03	Chr19	6449607	6455232	5625	27	6450083	9.77970381			6449935	3.56571359
mitoC2	structured	3	structured_mitoC2_draw03	Chr19	5334174	5341657	7483	39	5339728	8.66674757			5335074	3.47112705
mitoC2	structured	3	structured_mitoC2_draw03	Chr2	17480809	17559241	78432	257	17516241	58.99655577			17515718	4.09729072
mitoC2	structured	3	structured_mitoC2_draw03	Chr2	17901499	17933292	31793	136	17923272	31.89185955			17916014	3.48545429
mitoC2	structured	3	structured_mitoC2_draw03	Chr2	17035698	17043774	8076	60	17037342	17.57279914			17036443	2.53578245
mitoC2	structured	3	structured_mitoC2_draw03	Chr2	8574540	8584224	9684	64	8576845	16.74872966			8574768	3.79705223
mitoC2	structured	3	structured_mitoC2_draw03	Chr2	11044346	11053993	9647	67	11046172	14.52269348			11045368	4.62816257
mitoC2	structured	3	structured_mitoC2_draw03	Chr2	16365277	16374406	9129	55	16367395	13.00884015			16365784	3.04150101
mitoC2	structured	3	structured_mitoC2_draw03	Chr2	11427180	11433764	6584	37	11430341	11.64679449			11429499	4.42824135
mitoC2	structured	3	structured_mitoC2_draw03	Chr2	17201826	17210534	8708	66	17205632	11.0000235			17202543	2.78267636
mitoC2	structured	3	structured_mitoC2_draw03	Chr2	18108248	18113294	5046	30	18109833	9.33851211			18108303	2.56404852
mitoC2	structured	3	structured_mitoC2_draw03	Chr2	14494965	14502049	7084	35	14497573	8.69057958			14495907	3.15379448
mitoC2	structured	3	structured_mitoC2_draw03	Chr20	7199969	7207488	7519	57	7203302	16.0311582			7203120	2.45774463
mitoC2	structured	3	structured_mitoC2_draw03	Chr20	9374995	9380023	5028	43	9377407	12.36496585			9377156	3.15821096
mitoC2	structured	3	structured_mitoC2_draw03	Chr20	5097555	5104731	7176	38	5100257	8.09332587			5098022	2.37988175
mitoC2	structured	3	structured_mitoC2_draw03	Chr21	6716880	6732844	15964	120	6725124	20.24622675			6723190	3.96903118
mitoC2	structured	3	structured_mitoC2_draw03	Chr21	5517003	5528761	11758	78	5522066	14.65933535			5522025	4.04643092
mitoC2	structured	3	structured_mitoC2_draw03	Chr21	3719757	3763215	43458	49	3755047	14.42045942			3728145	2.13094164
mitoC2	structured	3	structured_mitoC2_draw03	Chr21	3690758	3713729	22971	97	3695195	11.28268883			3691809	2.62772949
mitoC2	structured	3	structured_mitoC2_draw03	Chr21	9959440	9970557	11117	63	9964155	10.27928243			9963807	2.29346463
mitoC2	structured	3	structured_mitoC2_draw03	Chr21	4873995	4876686	2691	26	4874208	8.33010708			4874158	3.50677375
mitoC2	structured	3	structured_mitoC2_draw03	Chr21	6368830	6375320	6490	39	6371618	8.28389151			6369804	2.75774157
mitoC2	structured	3	structured_mitoC2_draw03	Chr21	6121092	6126809	5717	27	6122795	8.2093127			6121333	3.81734085
mitoC2	structured	3	structured_mitoC2_draw03	Chr22	5966749	5977651	10902	75	5967687	26.30662928			5967461	4.2002673
mitoC2	structured	3	structured_mitoC2_draw03	Chr22	5868127	5878973	10846	66	5871075	17.17207303			5868705	3.91437028
mitoC2	structured	3	structured_mitoC2_draw03	Chr22	5095296	5102856	7560	42	5098703	11.75263568			5098703	3.45651302
mitoC2	structured	3	structured_mitoC2_draw03	Chr22	5654994	5676087	21093	98	5673355	9.33090698			5658027	2.70006754
mitoC2	structured	3	structured_mitoC2_draw03	Chr24	1760860	1878382	117522	354	1799231	143.17190104			1789580	3.93240065
mitoC2	structured	3	structured_mitoC2_draw03	Chr24	1086320	1129770	43450	85	1095284	23.85401413			1094823	5.46612154
mitoC2	structured	3	structured_mitoC2_draw03	Chr25	8631485	8653528	22043	113	8637311	14.2205413			8635637	4.06847104
mitoC2	structured	3	structured_mitoC2_draw03	Chr25	12093059	12108047	14988	68	12098324	14.01235884			12093901	3.54212874
mitoC2	structured	3	structured_mitoC2_draw03	Chr25	8618896	8631059	12163	80	8624155	11.38841797			8619059	3.76661034
mitoC2	structured	3	structured_mitoC2_draw03	Chr25	8218459	8225443	6984	51	8220771	8.86961294			8218887	3.20349653
mitoC2	structured	3	structured_mitoC2_draw03	Chr26	1546588	7026295	5479707	7513	3911755	760.172401019998			3678868	3.29735353
mitoC2	structured	3	structured_mitoC2_draw03	Chr26	9266454	9270216	3762	34	9267372	11.25301174			9266878	3.79135608
mitoC2	structured	3	structured_mitoC2_draw03	Chr27	3252255	3269438	17183	93	3259518	17.92704429			3254276	3.24664573
mitoC2	structured	3	structured_mitoC2_draw03	Chr3	6186331	6532517	346186	873	6315806	195.30806401			6238427	3.87895141
mitoC2	structured	3	structured_mitoC2_draw03	Chr3	13473666	13958552	484886	315	13516347	87.21866109			13480106	4.12542994
mitoC2	structured	3	structured_mitoC2_draw03	Chr3	8915559	8920621	5062	22	8916040	9.16694857			8916040	3.3551546
mitoC2	structured	3	structured_mitoC2_draw03	Chr3	9794351	9800763	6412	42	9797112	9.1642265			9797112	3.54031475
mitoC2	structured	3	structured_mitoC2_draw03	Chr4	8120900	8133979	13079	93	8123669	20.49171056			8121699	3.78474652
mitoC2	structured	3	structured_mitoC2_draw03	Chr4	11749020	11757022	8002	45	11750528	15.82947191			11749548	3.52663914
mitoC2	structured	3	structured_mitoC2_draw03	Chr4	8178637	8184829	6192	37	8180087	14.32439472			8179614	3.26765287
mitoC2	structured	3	structured_mitoC2_draw03	Chr4	5475218	5488291	13073	83	5480152	12.70075745			5477589	3.87792606
mitoC2	structured	3	structured_mitoC2_draw03	Chr4	15289279	15297158	7879	48	15290750	12.67995231			15290686	3.45584354
mitoC2	structured	3	structured_mitoC2_draw03	Chr4	4970188	5057032	86844	139	5021580	10.86146069			5055406	2.31401107
mitoC2	structured	3	structured_mitoC2_draw03	Chr5	6284742	6314058	29316	243	6294670	35.17695518			6303149	3.62524144
mitoC2	structured	3	structured_mitoC2_draw03	Chr5	12578539	12592101	13562	36	12585376	12.84768312			12583293	4.12158729
mitoC2	structured	3	structured_mitoC2_draw03	Chr5	10966884	10979957	13073	70	10974580	12.65070935			10971531	2.46475837
mitoC2	structured	3	structured_mitoC2_draw03	Chr5	9883906	9895425	11519	60	9886331	11.40641182			9886191	4.58852271
mitoC2	structured	3	structured_mitoC2_draw03	Chr5	7373146	7379807	6661	53	7376980	9.60584175			7373953	3.81503435
mitoC2	structured	3	structured_mitoC2_draw03	Chr5	7390985	7395415	4430	28	7391674	9.28684988			7391227	2.25867927
mitoC2	structured	3	structured_mitoC2_draw03	Chr6	7929100	7937031	7931	67	7931890	14.02754579			7929447	3.61798562
mitoC2	structured	3	structured_mitoC2_draw03	Chr6	3057607	3067561	9954	61	3064691	13.39341534			3064529	3.63488251
mitoC2	structured	3	structured_mitoC2_draw03	Chr6	9171399	9181542	10143	80	9174445	11.07003413			9172148	3.47368543
mitoC2	structured	3	structured_mitoC2_draw03	Chr7	8199473	8207946	8473	57	8200592	15.20548212			8199620	3.5987733
mitoC2	structured	3	structured_mitoC2_draw03	Chr7	5209152	5214786	5634	47	5209823	13.82062541			5209360	2.73695068
mitoC2	structured	3	structured_mitoC2_draw03	Chr7	6629038	6634768	5730	38	6630575	13.70386478			6629368	3.39096705
mitoC2	structured	3	structured_mitoC2_draw03	Chr7	12064312	12070358	6046	66	12066800	13.42417505			12066330	2.81531222
mitoC2	structured	3	structured_mitoC2_draw03	Chr7	5930747	5938055	7308	44	5935486	8.95808679			5932947	3.36988193
mitoC2	structured	3	structured_mitoC2_draw03	Chr7	6331966	6341879	9913	44	6338641	8.35673528			6338641	3.48116744
mitoC2	structured	3	structured_mitoC2_draw03	Chr8	861273	7861386	7000113	14468	5501059	3623.56774086			867152	4.13566926
mitoC2	structured	3	structured_mitoC2_draw03	Chr8	9645745	9696912	51167	151	9661969	31.44635146			9661969	3.84542992
mitoC2	structured	3	structured_mitoC2_draw03	Chr8	8991744	9015465	23721	145	8997498	28.71213449			8993695	3.59556003
mitoC2	structured	3	structured_mitoC2_draw03	Chr8	9088458	9103591	15133	62	9094211	14.35016583			9089301	4.6172069
mitoC2	structured	3	structured_mitoC2_draw03	Chr9	9353037	9378539	25502	167	9362632	22.86298157			9355402	3.95487476
mitoC2	structured	3	structured_mitoC2_draw03	Chr9	6047300	6050794	3494	23	6047740	8.25560824			6047715	2.89793757
mitoC2	structured	4	structured_mitoC2_draw04	Chr1	204550	230108	25558	89	219060	20.20352893			209787	3.44550424
mitoC2	structured	4	structured_mitoC2_draw04	Chr1	6707368	6713731	6363	45	6707672	13.6533565			6707652	4.75827458
mitoC2	structured	4	structured_mitoC2_draw04	Chr1	14295509	14298441	2932	31	14295824	12.42693193			14295656	3.04128955
mitoC2	structured	4	structured_mitoC2_draw04	Chr1	8992116	9005840	13724	92	8996616	11.63065523			8995775	3.56948401
mitoC2	structured	4	structured_mitoC2_draw04	Chr1	10873621	10882916	9295	49	10879385	10.89061282			10876197	3.09561605
mitoC2	structured	4	structured_mitoC2_draw04	Chr1	14632173	14637315	5142	44	14634427	10.30871397			14634259	3.07017697
mitoC2	structured	4	structured_mitoC2_draw04	Chr1	12009146	12013827	4681	36	12010061	8.88667106			12010008	2.29911755
mitoC2	structured	4	structured_mitoC2_draw04	Chr10	11622139	11637538	15399	60	11628134	22.07085283			11625975	4.58368733
mitoC2	structured	4	structured_mitoC2_draw04	Chr10	11517895	11524106	6211	51	11520159	17.33789744			11518672	4.66800323
mitoC2	structured	4	structured_mitoC2_draw04	Chr10	8905895	8912590	6695	38	8907059	9.97847832			8906130	3.00537652
mitoC2	structured	4	structured_mitoC2_draw04	Chr11	4949388	5136972	187584	341	5097573	67.8124411			5079989	2.66764178
mitoC2	structured	4	structured_mitoC2_draw04	Chr11	8216882	8224393	7511	38	8217431	14.80285927			8217210	3.15740692
mitoC2	structured	4	structured_mitoC2_draw04	Chr11	9876232	9879493	3261	26	9876773	11.67535791			9876760	3.73237476
mitoC2	structured	4	structured_mitoC2_draw04	Chr11	4253020	4270415	17395	103	4262923	10.41742833			4259275	2.02739733
mitoC2	structured	4	structured_mitoC2_draw04	Chr11	10137651	10142470	4819	23	10138126	9.83224388			10138111	3.63001381
mitoC2	structured	4	structured_mitoC2_draw04	Chr11	8175944	8181838	5894	32	8176283	8.66095118			8176044	2.23038833
mitoC2	structured	4	structured_mitoC2_draw04	Chr12	3897249	3915840	18591	85	3909575	9.72848124			3909381	2.84455
mitoC2	structured	4	structured_mitoC2_draw04	Chr12	4336095	4347155	11060	60	4337127	8.45718809			4336170	2.72601168
mitoC2	structured	4	structured_mitoC2_draw04	Chr12	7908172	7917871	9699	43	7911800	8.42961852			7911246	2.28549854
mitoC2	structured	4	structured_mitoC2_draw04	Chr13	5903582	5935693	32111	108	5925720	24.69843189			5923907	3.76229318
mitoC2	structured	4	structured_mitoC2_draw04	Chr13	5281206	5294170	12964	92	5287226	18.3609834			5285346	3.83746506
mitoC2	structured	4	structured_mitoC2_draw04	Chr13	10140406	10146524	6118	47	10141079	16.65514385			10140857	3.0684502
mitoC2	structured	4	structured_mitoC2_draw04	Chr13	5867708	5893606	25898	71	5885379	15.8949007			5873810	2.12955098
mitoC2	structured	4	structured_mitoC2_draw04	Chr13	8276981	8286682	9701	49	8277534	14.67593943			8277534	2.67378729
mitoC2	structured	4	structured_mitoC2_draw04	Chr13	7504803	7512977	8174	54	7509066	10.32286083			7506905	3.99516276
mitoC2	structured	4	structured_mitoC2_draw04	Chr14	6608216	6623905	15689	46	6616463	18.80748946			6613569	3.57513771
mitoC2	structured	4	structured_mitoC2_draw04	Chr14	4463838	4486607	22769	133	4474013	15.90014577			4468034	3.60427376
mitoC2	structured	4	structured_mitoC2_draw04	Chr14	1418443	1427699	9256	36	1423962	10.0755632			1423168	2.34698571
mitoC2	structured	4	structured_mitoC2_draw04	Chr14	6750080	6756373	6293	25	6754377	8.12388485			6754377	2.40884409
mitoC2	structured	4	structured_mitoC2_draw04	Chr15	1840117	2450301	610184	1205	2322582	37.77199174			2076930	2.72713507
mitoC2	structured	4	structured_mitoC2_draw04	Chr15	10166430	10201234	34804	143	10170282	35.77703507			10168559	5.26871275
mitoC2	structured	4	structured_mitoC2_draw04	Chr15	6168090	6199062	30972	181	6191034	22.59786849			6190643	3.3673403
mitoC2	structured	4	structured_mitoC2_draw04	Chr15	2644976	2913339	268363	308	2682246	17.10935546			2666485	2.08696386
mitoC2	structured	4	structured_mitoC2_draw04	Chr15	8167542	8174264	6722	42	8170200	13.08756862			8170047	3.64408189
mitoC2	structured	4	structured_mitoC2_draw04	Chr15	5140598	5148904	8306	44	5141878	12.13314829			5140921	2.87792437
mitoC2	structured	4	structured_mitoC2_draw04	Chr15	9620995	9669389	48394	143	9627784	11.32249487			9632807	3.0324199
mitoC2	structured	4	structured_mitoC2_draw04	Chr15	8821984	8836839	14855	46	8823514	9.26574958			8822811	3.85259167
mitoC2	structured	4	structured_mitoC2_draw04	Chr15	3644845	3677657	32812	49	3661424	8.72720543			3661255	1.94177086
mitoC2	structured	4	structured_mitoC2_draw04	Chr16	6747922	6769216	21294	63	6759806	12.7558514			6759806	2.20288322
mitoC2	structured	4	structured_mitoC2_draw04	Chr16	11250919	11257194	6275	37	11253325	11.85949376			11251077	3.13673915
mitoC2	structured	4	structured_mitoC2_draw04	Chr17	3898421	4097375	198954	732	4033580	24.77185335			4003268	2.01359658
mitoC2	structured	4	structured_mitoC2_draw04	Chr17	4156992	4227612	70620	276	4182383	22.93264548			4182383	1.90782736
mitoC2	structured	4	structured_mitoC2_draw04	Chr17	10140110	10153780	13670	60	10146390	16.22696761			10143863	3.72614474
mitoC2	structured	4	structured_mitoC2_draw04	Chr17	9471804	9482166	10362	58	9474055	15.11478123			9473161	3.97170568
mitoC2	structured	4	structured_mitoC2_draw04	Chr17	4364717	4433922	69205	129	4389874	14.30427557			4377252	1.92362813
mitoC2	structured	4	structured_mitoC2_draw04	Chr17	4108044	4154033	45989	225	4137096	13.17666673			4108169	1.92373504
mitoC2	structured	4	structured_mitoC2_draw04	Chr17	9619127	9632546	13419	40	9620382	12.14075474			9620382	4.53622872
mitoC2	structured	4	structured_mitoC2_draw04	Chr17	3375286	3560954	185668	718	3551268	11.93100872			3383608	2.53553566
mitoC2	structured	4	structured_mitoC2_draw04	Chr17	10435764	10440744	4980	32	10437067	11.5788311			10436153	4.20572683
mitoC2	structured	4	structured_mitoC2_draw04	Chr17	10491802	10494927	3125	27	10492391	10.85065314			10491884	4.1536317
mitoC2	structured	4	structured_mitoC2_draw04	Chr17	6845763	6848998	3235	28	6846095	10.43999107			6846089	3.55870384
mitoC2	structured	4	structured_mitoC2_draw04	Chr17	4328121	4348391	20270	62	4340611	10.24933266			4336913	2.17146431
mitoC2	structured	4	structured_mitoC2_draw04	Chr17	3189916	3234082	44166	85	3195374	9.36304879			3211389	1.88840614
mitoC2	structured	4	structured_mitoC2_draw04	Chr18	2869439	2872367	2928	26	2870011	9.34783758			2869787	3.2432921
mitoC2	structured	4	structured_mitoC2_draw04	Chr18	2705316	2713573	8257	48	2707930	9.33865621			2707899	3.60118298
mitoC2	structured	4	structured_mitoC2_draw04	Chr18	3027486	3034751	7265	37	3030295	8.11403057			3029395	2.32718199
mitoC2	structured	4	structured_mitoC2_draw04	Chr19	3572480	3581958	9478	50	3577288	10.83009201			3576807	2.96289072
mitoC2	structured	4	structured_mitoC2_draw04	Chr19	5487195	5495258	8063	56	5490030	10.48732884			5489738	3.30111549
mitoC2	structured	4	structured_mitoC2_draw04	Chr19	2991334	2997524	6190	29	2994403	8.79539724			2992675	4.04043185
mitoC2	structured	4	structured_mitoC2_draw04	Chr19	3387401	3395391	7990	47	3391051	8.33414014			3387740	3.70289819
mitoC2	structured	4	structured_mitoC2_draw04	Chr19	6419819	6421635	1816	22	6420637	8.19084081			6420423	3.20857019
mitoC2	structured	4	structured_mitoC2_draw04	Chr19	3590106	3593216	3110	30	3590699	7.72637808			3590694	2.48615871
mitoC2	structured	4	structured_mitoC2_draw04	Chr2	9127139	9190264	63125	155	9163532	30.79764035			9130196	2.63416113
mitoC2	structured	4	structured_mitoC2_draw04	Chr2	15233809	15239134	5325	39	15235087	11.5485234			15234143	3.12574446
mitoC2	structured	4	structured_mitoC2_draw04	Chr2	4356173	4364466	8293	61	4359973	10.97588646			4359631	3.05334372
mitoC2	structured	4	structured_mitoC2_draw04	Chr2	10753004	10764741	11737	62	10760356	10.88090285			10753169	3.17362253
mitoC2	structured	4	structured_mitoC2_draw04	Chr2	7843876	7849259	5383	39	7845243	10.70510991			7843994	3.03598502
mitoC2	structured	4	structured_mitoC2_draw04	Chr2	7557357	7576987	19630	70	7559379	9.73611503			7558602	3.0518136
mitoC2	structured	4	structured_mitoC2_draw04	Chr2	11577663	11582782	5119	27	11578263	9.06968022			11577890	2.80575387
mitoC2	structured	4	structured_mitoC2_draw04	Chr2	17660651	17664486	3835	24	17661217	8.97064342			17661217	3.78617219
mitoC2	structured	4	structured_mitoC2_draw04	Chr20	435684	3194174	2758490	3223	1685624	244.67179299			1466742	2.51866148
mitoC2	structured	4	structured_mitoC2_draw04	Chr20	3891621	4585499	693878	77	4579684	8.62527406			3910260	2.23904837
mitoC2	structured	4	structured_mitoC2_draw04	Chr21	7144687	7158138	13451	82	7148721	20.79178407			7147243	3.6603578
mitoC2	structured	4	structured_mitoC2_draw04	Chr21	5882017	5889836	7819	54	5884842	13.15830264			5884842	4.375341
mitoC2	structured	4	structured_mitoC2_draw04	Chr21	7438189	7443020	4831	30	7441422	9.25780528			7440428	3.39580596
mitoC2	structured	4	structured_mitoC2_draw04	Chr22	6088661	6094933	6272	37	6089246	15.17639363			6089246	4.92723626
mitoC2	structured	4	structured_mitoC2_draw04	Chr22	4852575	4858129	5554	41	4852943	9.60053268			4852943	2.67167059
mitoC2	structured	4	structured_mitoC2_draw04	Chr22	5631631	5632403	772	29	5631817	9.03623873			5631792	2.49884286
mitoC2	structured	4	structured_mitoC2_draw04	Chr24	1330799	1824968	494169	784	1664424	326.56569154			1358268	3.99406348
mitoC2	structured	4	structured_mitoC2_draw04	Chr24	898307	910011	11704	61	900252	25.15073867			900097	4.75955803
mitoC2	structured	4	structured_mitoC2_draw04	Chr24	757897	825802	67905	97	794671	8.94045511			762233	2.28548979
mitoC2	structured	4	structured_mitoC2_draw04	Chr24	3847729	3852360	4631	29	3849007	8.14612319			3849006	4.2380276
mitoC2	structured	4	structured_mitoC2_draw04	Chr25	10064627	10079414	14787	95	10071572	25.31777934			10065831	4.22328798
mitoC2	structured	4	structured_mitoC2_draw04	Chr25	10112231	10125036	12805	131	10123259	21.70053451			10117178	5.03099618
mitoC2	structured	4	structured_mitoC2_draw04	Chr25	9951973	9964697	12724	75	9959116	15.19972249			9952502	3.97035352
mitoC2	structured	4	structured_mitoC2_draw04	Chr25	10242837	10249160	6323	44	10244916	11.92142415			10243417	4.2441146
mitoC2	structured	4	structured_mitoC2_draw04	Chr25	12973375	13007049	33674	132	12984207	11.87728131			13000938	3.53175748
mitoC2	structured	4	structured_mitoC2_draw04	Chr25	10090437	10095927	5490	43	10092902	10.68885905			10092727	3.74045028
mitoC2	structured	4	structured_mitoC2_draw04	Chr25	10901450	10912191	10741	27	10907071	9.33497747			10903854	2.77886602
mitoC2	structured	4	structured_mitoC2_draw04	Chr26	4797974	4953449	155475	246	4904769	21.00022408			4849090	1.95321163
mitoC2	structured	4	structured_mitoC2_draw04	Chr26	7589016	7608126	19110	82	7595132	20.20882003			7589090	3.25927361
mitoC2	structured	4	structured_mitoC2_draw04	Chr26	6163490	6508836	345346	228	6440075	14.86255957			6288232	1.85067505
mitoC2	structured	4	structured_mitoC2_draw04	Chr27	5470437	5512393	41956	178	5497950	23.90901841			5476190	3.25338793
mitoC2	structured	4	structured_mitoC2_draw04	Chr27	3390235	3399023	8788	61	3393676	17.07507596			3390679	4.22946157
mitoC2	structured	4	structured_mitoC2_draw04	Chr27	5826155	5852641	26486	75	5848121	9.79101476			5846752	3.19037753
mitoC2	structured	4	structured_mitoC2_draw04	Chr27	4880752	4892709	11957	41	4889474	9.20979616			4889474	3.15818195
mitoC2	structured	4	structured_mitoC2_draw04	Chr3	11054424	11119394	64970	136	11099001	43.50175519			11063933	3.10015455
mitoC2	structured	4	structured_mitoC2_draw04	Chr3	5653297	5675720	22423	83	5669873	22.23053826			5655152	2.53352298
mitoC2	structured	4	structured_mitoC2_draw04	Chr3	2923962	2938173	14211	82	2929757	17.1658344			2928246	5.74425505
mitoC2	structured	4	structured_mitoC2_draw04	Chr3	2515966	2527845	11879	59	2518582	14.97663055			2517482	3.64011358
mitoC2	structured	4	structured_mitoC2_draw04	Chr3	5207532	5211069	3537	33	5209343	10.1979518			5208037	3.03463388
mitoC2	structured	4	structured_mitoC2_draw04	Chr3	3750798	3752622	1824	21	3751061	8.64177455			3751061	2.79304916
mitoC2	structured	4	structured_mitoC2_draw04	Chr4	10827644	11031820	204176	242	11006914	52.62084688			11004126	3.97481993
mitoC2	structured	4	structured_mitoC2_draw04	Chr4	7284667	7293953	9286	51	7285753	12.55359516			7285468	3.14935214
mitoC2	structured	4	structured_mitoC2_draw04	Chr4	8212673	8229418	16745	57	8220439	10.99195108			8219585	2.09734012
mitoC2	structured	4	structured_mitoC2_draw04	Chr4	8073627	8084612	10985	42	8078442	10.7102194			8076024	2.89179829
mitoC2	structured	4	structured_mitoC2_draw04	Chr4	6809621	6813196	3575	29	6810092	10.60437897			6810092	3.78466725
mitoC2	structured	4	structured_mitoC2_draw04	Chr4	7405414	7408719	3305	26	7407680	9.8812321			7407448	3.19116079
mitoC2	structured	4	structured_mitoC2_draw04	Chr4	10460991	10463131	2140	28	10461384	9.60078951			10461307	2.15894255
mitoC2	structured	4	structured_mitoC2_draw04	Chr4	7751973	7758444	6471	30	7753145	9.47673628			7753145	3.21141067
mitoC2	structured	4	structured_mitoC2_draw04	Chr5	4924166	4934260	10094	54	4927851	12.81328992			4927369	3.04210616
mitoC2	structured	4	structured_mitoC2_draw04	Chr5	12772947	12785795	12848	42	12774416	10.84664806			12783833	2.83422731
mitoC2	structured	4	structured_mitoC2_draw04	Chr5	11917976	11929461	11485	41	11922813	10.65867341			11920200	2.70506904
mitoC2	structured	4	structured_mitoC2_draw04	Chr5	13408019	13424465	16446	46	13413110	9.84172851			13413110	3.47993122
mitoC2	structured	4	structured_mitoC2_draw04	Chr6	3277149	3293853	16704	116	3284420	24.66998463			3277349	3.77841433
mitoC2	structured	4	structured_mitoC2_draw04	Chr6	8401980	8412000	10020	43	8408111	16.59103312			8402614	3.98537077
mitoC2	structured	4	structured_mitoC2_draw04	Chr6	7582868	7594259	11391	58	7587275	14.84213313			7585628	3.75730446
mitoC2	structured	4	structured_mitoC2_draw04	Chr6	9719543	9732025	12482	77	9723599	14.41352737			9721447	3.17418044
mitoC2	structured	4	structured_mitoC2_draw04	Chr6	6675518	6681493	5975	41	6676140	13.63766867			6676140	3.16774319
mitoC2	structured	4	structured_mitoC2_draw04	Chr6	5380284	5414386	34102	72	5398483	13.59573555			5393528	2.85717138
mitoC2	structured	4	structured_mitoC2_draw04	Chr6	3262080	3268638	6558	28	3262691	11.77095535			3262468	4.50690049
mitoC2	structured	4	structured_mitoC2_draw04	Chr6	5634037	5639883	5846	43	5635286	9.18798874			5636821	3.22047881
mitoC2	structured	4	structured_mitoC2_draw04	Chr6	1668174	1699688	31514	69	1690616	9.15577795			1689191	2.04489648
mitoC2	structured	4	structured_mitoC2_draw04	Chr7	5209152	5212276	3124	37	5209487	15.40865362			5209376	2.93908926
mitoC2	structured	4	structured_mitoC2_draw04	Chr7	11503854	11518516	14662	101	11511870	14.03232416			11511393	3.58363831
mitoC2	structured	4	structured_mitoC2_draw04	Chr7	11499526	11502731	3205	25	11499849	8.52292978			11499798	3.53147219
mitoC2	structured	4	structured_mitoC2_draw04	Chr8	5802980	5866729	63749	341	5828159	56.39652553			5804189	2.81183035
mitoC2	structured	4	structured_mitoC2_draw04	Chr8	5611898	5628913	17015	55	5617492	12.05582822			5617478	3.17801371
mitoC2	structured	4	structured_mitoC2_draw04	Chr8	11147189	11151783	4594	37	11149267	11.47007428			11149052	3.03033873
mitoC2	structured	4	structured_mitoC2_draw04	Chr8	9797308	9855357	58049	89	9814509	8.79026346			9814509	2.14567425
mitoC2	structured	4	structured_mitoC2_draw04	Chr8	9731793	9743096	11303	41	9737875	8.43978842			9737875	3.36103393
mitoC2	structured	4	structured_mitoC2_draw04	Chr9	7102920	7169123	66203	97	7153616	17.2940397			7109989	2.05445468
mitoC2	structured	4	structured_mitoC2_draw04	Chr9	9947712	9973192	25480	85	9952352	16.31749367			9952352	3.63464496
mitoC2	structured	4	structured_mitoC2_draw04	Chr9	10473941	10490252	16311	81	10480089	15.27661001			10476787	2.95071208
mitoC2	structured	5	structured_mitoC2_draw05	Chr1	478093	488627	10534	44	480804	14.30134455			478208	3.4827331
mitoC2	structured	5	structured_mitoC2_draw05	Chr1	7002612	7006462	3850	42	7002893	10.47619996			7003803	3.35837716
mitoC2	structured	5	structured_mitoC2_draw05	Chr10	133170	2492777	2359607	4323	2089831	206.56328345			1695029	2.03515232
mitoC2	structured	5	structured_mitoC2_draw05	Chr10	8739860	8775119	35259	135	8751800	27.49038845			8745432	3.144083
mitoC2	structured	5	structured_mitoC2_draw05	Chr10	8048498	8069990	21492	98	8057784	22.08182852			8055477	2.96431326
mitoC2	structured	5	structured_mitoC2_draw05	Chr10	8187043	8233995	46952	129	8225668	18.10534496			8190702	2.35841446
mitoC2	structured	5	structured_mitoC2_draw05	Chr10	10244206	10296408	52202	157	10264966	15.65153249			10248848	4.62496475
mitoC2	structured	5	structured_mitoC2_draw05	Chr10	8243617	8256482	12865	67	8250249	14.15128083			8244719	3.4671611
mitoC2	structured	5	structured_mitoC2_draw05	Chr10	11297515	11308803	11288	33	11300447	12.06483856			11298060	3.81613511
mitoC2	structured	5	structured_mitoC2_draw05	Chr10	10850571	10873215	22644	55	10862439	10.26540477			10858962	3.00305929
mitoC2	structured	5	structured_mitoC2_draw05	Chr11	5465839	5492611	26772	88	5481193	16.30975466			5467751	3.113738
mitoC2	structured	5	structured_mitoC2_draw05	Chr11	10482940	10488596	5656	29	10485731	10.16101534			10484104	3.10746025
mitoC2	structured	5	structured_mitoC2_draw05	Chr11	5520352	5534112	13760	56	5527903	9.69078236			5524310	1.78682096
mitoC2	structured	5	structured_mitoC2_draw05	Chr11	9071285	9087193	15908	64	9081358	9.60198022			9078219	3.24350389
mitoC2	structured	5	structured_mitoC2_draw05	Chr11	10128775	10134620	5845	34	10129408	8.3360787			10129177	2.77021222
mitoC2	structured	5	structured_mitoC2_draw05	Chr11	9645676	9651551	5875	30	9647514	8.31740025			9646252	3.18613922
mitoC2	structured	5	structured_mitoC2_draw05	Chr11	4626171	4631767	5596	42	4629312	8.30588657			4626174	2.08106176
mitoC2	structured	5	structured_mitoC2_draw05	Chr12	3779232	3784587	5355	31	3781265	8.39809437			3781212	2.76442322
mitoC2	structured	5	structured_mitoC2_draw05	Chr12	9851252	9854005	2753	23	9851599	8.33266698			9851427	4.06176195
mitoC2	structured	5	structured_mitoC2_draw05	Chr13	2363329	2472484	109155	316	2408668	86.02225543			2377560	3.98826403
mitoC2	structured	5	structured_mitoC2_draw05	Chr13	5834992	5950080	115088	329	5903582	76.69090519			5839907	3.94976749
mitoC2	structured	5	structured_mitoC2_draw05	Chr13	7585003	7600248	15245	53	7595322	12.46200879			7588424	3.24091993
mitoC2	structured	5	structured_mitoC2_draw05	Chr13	5329776	5345399	15623	54	5338002	11.29698999			5330828	3.61693015
mitoC2	structured	5	structured_mitoC2_draw05	Chr13	10841323	10849900	8577	52	10845072	9.02538731			10841432	3.38621824
mitoC2	structured	5	structured_mitoC2_draw05	Chr13	2984624	3047060	62436	74	3014276	8.73498053			2992496	1.72577743
mitoC2	structured	5	structured_mitoC2_draw05	Chr14	4355574	4359923	4349	27	4357222	9.19141464			4357028	3.15701525
mitoC2	structured	5	structured_mitoC2_draw05	Chr15	5092743	5130282	37539	162	5112918	22.29968571			5109483	5.1744434
mitoC2	structured	5	structured_mitoC2_draw05	Chr15	8448799	8478293	29494	76	8463891	18.35253719			8456959	4.46368264
mitoC2	structured	5	structured_mitoC2_draw05	Chr15	7719250	7754128	34878	46	7738746	11.83364801			7721688	2.81718364
mitoC2	structured	5	structured_mitoC2_draw05	Chr15	7768800	7796446	27646	73	7774579	11.06941226			7774378	2.39420964
mitoC2	structured	5	structured_mitoC2_draw05	Chr15	9119634	9128753	9119	61	9126357	9.2275057			9122644	3.39320067
mitoC2	structured	5	structured_mitoC2_draw05	Chr16	7891892	7900842	8950	48	7895465	11.89512209			7893164	2.91477144
mitoC2	structured	5	structured_mitoC2_draw05	Chr17	5349626	5860810	511184	1639	5728500	206.28220491			5431788	3.03096607
mitoC2	structured	5	structured_mitoC2_draw05	Chr17	4590548	4739303	148755	357	4709347	34.58428367			4733667	2.97301837
mitoC2	structured	5	structured_mitoC2_draw05	Chr17	10871203	11007965	136762	143	11007577	26.60061362			10890931	2.07350561
mitoC2	structured	5	structured_mitoC2_draw05	Chr17	10636553	10654312	17759	74	10641200	18.20144879			10637759	2.96786487
mitoC2	structured	5	structured_mitoC2_draw05	Chr17	5209660	5237965	28305	97	5217354	17.47872206			5212510	2.49218406
mitoC2	structured	5	structured_mitoC2_draw05	Chr17	10141324	10163023	21699	97	10156430	11.96354265			10143863	3.62922578
mitoC2	structured	5	structured_mitoC2_draw05	Chr17	6573801	6584654	10853	33	6578037	10.96157803			6578037	3.2384532
mitoC2	structured	5	structured_mitoC2_draw05	Chr17	9237852	9242507	4655	34	9239728	10.38574457			9239313	4.35448661
mitoC2	structured	5	structured_mitoC2_draw05	Chr19	3745061	3749668	4607	34	3746369	13.40435853			3745942	3.54310269
mitoC2	structured	5	structured_mitoC2_draw05	Chr2	5257053	5288774	31721	87	5267124	14.0882463			5261632	2.91717449
mitoC2	structured	5	structured_mitoC2_draw05	Chr2	5897489	5903277	5788	44	5899000	12.60401134			5898047	3.87916254
mitoC2	structured	5	structured_mitoC2_draw05	Chr2	11526387	11534837	8450	46	11530504	9.14539844			11529585	2.2274882
mitoC2	structured	5	structured_mitoC2_draw05	Chr2	16324213	16328836	4623	30	16324986	8.78244784			16324694	3.82632722
mitoC2	structured	5	structured_mitoC2_draw05	Chr2	15651086	15657793	6707	34	15654078	8.70260604			15654078	3.57746842
mitoC2	structured	5	structured_mitoC2_draw05	Chr20	9733552	9815330	81778	154	9815330	147.45151139			9779443	4.1908895
mitoC2	structured	5	structured_mitoC2_draw05	Chr20	8626835	8633177	6342	35	8628440	11.04905813			8628035	3.93988593
mitoC2	structured	5	structured_mitoC2_draw05	Chr20	5469032	5474145	5113	35	5469466	10.83630522			5469438	2.52191776
mitoC2	structured	5	structured_mitoC2_draw05	Chr20	8633476	8636075	2599	23	8635048	7.94894698			8635025	3.09222988
mitoC2	structured	5	structured_mitoC2_draw05	Chr21	3690758	3868321	177563	386	3839241	88.7084061			3707284	4.1001981
mitoC2	structured	5	structured_mitoC2_draw05	Chr21	10135111	10304686	169575	381	10293632	85.62471329			10191362	3.25819599
mitoC2	structured	5	structured_mitoC2_draw05	Chr21	4170853	4174574	3721	27	4171584	10.79975106			4171584	2.76850341
mitoC2	structured	5	structured_mitoC2_draw05	Chr21	7034515	7038988	4473	31	7036359	9.90982952			7035458	3.5125321
mitoC2	structured	5	structured_mitoC2_draw05	Chr22	5627140	5632667	5527	93	5630477	17.06582324			5629814	2.76065938
mitoC2	structured	5	structured_mitoC2_draw05	Chr24	1764859	1843011	78152	211	1792462	51.23601114			1820225	2.8982882
mitoC2	structured	5	structured_mitoC2_draw05	Chr24	2169525	2179440	9915	56	2172986	11.18685319			2172639	3.62218952
mitoC2	structured	5	structured_mitoC2_draw05	Chr24	4500073	4503244	3171	30	4501905	7.55645894			4501770	4.5823722
mitoC2	structured	5	structured_mitoC2_draw05	Chr25	1648740	2331756	683016	61	2317108	13.15044323			2309366	2.18553138
mitoC2	structured	5	structured_mitoC2_draw05	Chr25	9121339	9131819	10480	47	9123454	11.7680621			9123384	3.65855124
mitoC2	structured	5	structured_mitoC2_draw05	Chr25	10602622	10608702	6080	25	10603843	9.49857904			10603780	2.39389484
mitoC2	structured	5	structured_mitoC2_draw05	Chr26	1588145	5063372	3475227	5428	4133286	862.870217770002			3650046	2.59043379
mitoC2	structured	5	structured_mitoC2_draw05	Chr26	7483395	7497397	14002	59	7486622	13.73678188			7490732	2.48132289
mitoC2	structured	5	structured_mitoC2_draw05	Chr27	5744875	5754812	9937	34	5747479	11.33743273			5747479	2.45014408
mitoC2	structured	5	structured_mitoC2_draw05	Chr27	3950008	3953117	3109	26	3951672	8.1224103			3951183	2.27456515
mitoC2	structured	5	structured_mitoC2_draw05	Chr27	4723326	4729092	5766	39	4723784	7.79665757			4723614	2.23608493
mitoC2	structured	5	structured_mitoC2_draw05	Chr3	6185726	6684850	499124	1432	6442789	126.53581168			6256141	3.04346245
mitoC2	structured	5	structured_mitoC2_draw05	Chr3	13463631	13928751	465120	233	13516347	45.93699301			13491233	2.89656447
mitoC2	structured	5	structured_mitoC2_draw05	Chr3	15501190	15510891	9701	46	15505791	11.20273904			15502815	2.28374417
mitoC2	structured	5	structured_mitoC2_draw05	Chr3	4710149	4715868	5719	33	4711489	11.01513694			4710548	2.77767854
mitoC2	structured	5	structured_mitoC2_draw05	Chr3	627296	630819	3523	27	627953	9.94606847			627910	3.90995838
mitoC2	structured	5	structured_mitoC2_draw05	Chr3	10312083	10314843	2760	45	10312596	9.80377403			10312268	1.91979781
mitoC2	structured	5	structured_mitoC2_draw05	Chr3	3661136	3666474	5338	39	3663471	9.78605744			3663394	3.59884096
mitoC2	structured	5	structured_mitoC2_draw05	Chr3	6739581	6814587	75006	263	6752733	8.81856096			6796624	1.86061242
mitoC2	structured	5	structured_mitoC2_draw05	Chr4	15953876	15967143	13267	79	15957637	15.26672586			15954899	3.50258093
mitoC2	structured	5	structured_mitoC2_draw05	Chr4	9189141	9193416	4275	45	9191489	9.74494799			9190287	3.04772512
mitoC2	structured	5	structured_mitoC2_draw05	Chr4	7780228	7785926	5698	27	7780460	8.65546513			7780375	3.13334797
mitoC2	structured	5	structured_mitoC2_draw05	Chr4	5448613	5455053	6440	27	5448985	8.43406353			5448985	3.87604053
mitoC2	structured	5	structured_mitoC2_draw05	Chr4	13356482	13360165	3683	33	13357731	8.29947642			13357731	2.29802121
mitoC2	structured	5	structured_mitoC2_draw05	Chr4	14293756	14298071	4315	32	14295261	8.27173017			14294993	2.87454249
mitoC2	structured	5	structured_mitoC2_draw05	Chr5	9669028	9681781	12753	60	9675649	11.61699115			9672838	2.58802729
mitoC2	structured	5	structured_mitoC2_draw05	Chr5	5332977	5511162	178185	47	5505731	10.56838492			5337242	2.50354354
mitoC2	structured	5	structured_mitoC2_draw05	Chr5	12097886	12103363	5477	30	12099203	8.25994401			12099093	2.48645525
mitoC2	structured	5	structured_mitoC2_draw05	Chr6	1939809	2095115	155306	271	1978402	80.08288462			1958287	3.20602245
mitoC2	structured	5	structured_mitoC2_draw05	Chr6	9084030	9099167	15137	75	9094075	16.57267602			9092948	3.15602179
mitoC2	structured	5	structured_mitoC2_draw05	Chr6	1874243	1890208	15965	35	1883226	13.54460344			1876103	3.07759935
mitoC2	structured	5	structured_mitoC2_draw05	Chr6	5548362	5555016	6654	42	5550398	11.97737514			5548596	3.05681078
mitoC2	structured	5	structured_mitoC2_draw05	Chr6	8102650	8108364	5714	46	8103981	10.56528419			8103833	2.23814037
mitoC2	structured	5	structured_mitoC2_draw05	Chr6	5700549	5706381	5832	41	5702677	9.30167833			5702677	3.49391382
mitoC2	structured	5	structured_mitoC2_draw05	Chr6	9068798	9083041	14243	33	9077893	9.26431766			9077893	3.7069629
mitoC2	structured	5	structured_mitoC2_draw05	Chr6	5969075	5974107	5032	38	5972534	8.32738995			5969158	3.22951928
mitoC2	structured	5	structured_mitoC2_draw05	Chr6	4996328	5000286	3958	29	4998333	8.12082916			4998060	2.04261807
mitoC2	structured	5	structured_mitoC2_draw05	Chr7	11325423	11334485	9062	36	11329541	11.53102764			11329541	3.8516534
mitoC2	structured	5	structured_mitoC2_draw05	Chr7	6267176	6283000	15824	32	6268709	8.34155909			6268709	3.39624366
mitoC2	structured	5	structured_mitoC2_draw05	Chr8	6498299	6714483	216184	353	6616663	62.08919623			6547437	3.5559678
mitoC2	structured	5	structured_mitoC2_draw05	Chr8	8991342	9018733	27391	173	9010156	27.82078662			8996477	3.73427911
mitoC2	structured	5	structured_mitoC2_draw05	Chr8	9060966	9077038	16072	120	9063086	23.81967503			9061991	4.5971027
mitoC2	structured	5	structured_mitoC2_draw05	Chr8	8831363	8880534	49171	106	8840006	20.42218049			8837913	2.79846626
mitoC2	structured	5	structured_mitoC2_draw05	Chr8	10903979	10915879	11900	68	10909916	12.75603574			10907656	2.77537359
mitoC2	structured	5	structured_mitoC2_draw05	Chr8	9180110	9184905	4795	34	9180434	9.94279548			9180434	3.38811123
mitoC2	structured	5	structured_mitoC2_draw05	Chr8	9083493	9089474	5981	31	9084425	9.30815173			9083705	3.1795593
mitoC2	structured	5	structured_mitoC2_draw05	Chr9	3818947	3838435	19488	110	3820827	29.51503254			3820238	3.85529534
mitoC2	structured	5	structured_mitoC2_draw05	Chr9	8649424	8661661	12237	89	8654989	23.30807691			8653520	4.5320552
mitoC2	structured	5	structured_mitoC2_draw05	Chr9	2588656	2632994	44338	126	2622659	10.45770589			2592083	2.28913328
mitoC2	structured	6	structured_mitoC2_draw06	Chr1	10624879	10639454	14575	104	10627972	21.16946015			10627968	3.15603422
mitoC2	structured	6	structured_mitoC2_draw06	Chr1	14003580	14034298	30718	109	14012436	20.24715811			14010340	4.72087751
mitoC2	structured	6	structured_mitoC2_draw06	Chr1	12956010	12964435	8425	82	12958571	15.26768976			12957262	3.04533806
mitoC2	structured	6	structured_mitoC2_draw06	Chr1	12523086	12526373	3287	36	12523571	13.49582009			12523393	3.32939945
mitoC2	structured	6	structured_mitoC2_draw06	Chr1	14201939	14222743	20804	50	14210201	10.25725489			14204039	2.77215591
mitoC2	structured	6	structured_mitoC2_draw06	Chr1	302030	316309	14279	75	310751	10.16163528			310341	3.46739087
mitoC2	structured	6	structured_mitoC2_draw06	Chr10	13766872	13825809	58937	137	13825809	23.56967581			13780042	2.47109496
mitoC2	structured	6	structured_mitoC2_draw06	Chr10	11567230	11604951	37721	119	11587219	17.38849251			11570741	3.5126387
mitoC2	structured	6	structured_mitoC2_draw06	Chr10	11428177	11433822	5645	44	11430508	10.04713406			11430380	2.50648619
mitoC2	structured	6	structured_mitoC2_draw06	Chr10	8226114	8236873	10759	50	8229376	9.40555171			8228552	3.29292728
mitoC2	structured	6	structured_mitoC2_draw06	Chr11	4949388	5142568	193180	369	5113638	59.74796311			5108085	2.98986857
mitoC2	structured	6	structured_mitoC2_draw06	Chr11	8175944	8180687	4743	28	8176283	11.30466097			8176044	2.56421324
mitoC2	structured	6	structured_mitoC2_draw06	Chr11	11285340	11302821	17481	58	11293051	10.71130466			11289856	2.73551545
mitoC2	structured	6	structured_mitoC2_draw06	Chr12	5702405	5713477	11072	48	5705382	17.01953497			5702801	4.44356027
mitoC2	structured	6	structured_mitoC2_draw06	Chr12	6195271	6209381	14110	66	6200424	12.86758579			6195430	3.64632473
mitoC2	structured	6	structured_mitoC2_draw06	Chr12	10493931	10498983	5052	26	10494619	8.27444654			10494562	3.22438494
mitoC2	structured	6	structured_mitoC2_draw06	Chr13	5838887	5940718	101831	273	5881912	72.6543382			5845305	4.17418766
mitoC2	structured	6	structured_mitoC2_draw06	Chr13	2362428	2457265	94837	231	2437535	56.44974261			2396960	3.32238139
mitoC2	structured	6	structured_mitoC2_draw06	Chr13	7167126	7172265	5139	29	7169034	8.83753036			7168799	1.99206614
mitoC2	structured	6	structured_mitoC2_draw06	Chr13	10741499	10770470	28971	59	10756688	8.74254246			10756688	3.42753709
mitoC2	structured	6	structured_mitoC2_draw06	Chr14	3270921	3279318	8397	56	3271935	19.45573899			3271567	4.12885439
mitoC2	structured	6	structured_mitoC2_draw06	Chr14	5044115	5048395	4280	34	5046004	12.06424915			5044594	3.53905592
mitoC2	structured	6	structured_mitoC2_draw06	Chr14	6642103	6664217	22114	65	6655460	9.86105569			6642480	4.27439089
mitoC2	structured	6	structured_mitoC2_draw06	Chr14	5938521	5943829	5308	45	5939837	8.60973048			5943420	2.75024644
mitoC2	structured	6	structured_mitoC2_draw06	Chr15	4170390	4439917	269527	168	4206690	39.71517206			4182903	3.0171938
mitoC2	structured	6	structured_mitoC2_draw06	Chr15	8719722	8741789	22067	91	8726447	27.05168845			8724884	3.194794
mitoC2	structured	6	structured_mitoC2_draw06	Chr15	10108642	10137789	29147	82	10127065	16.24707864			10116215	2.14711582
mitoC2	structured	6	structured_mitoC2_draw06	Chr15	8524598	8527991	3393	28	8525372	8.93025042			8525293	2.7601107
mitoC2	structured	6	structured_mitoC2_draw06	Chr16	11250919	11260282	9363	62	11253325	22.51155577			11252123	4.58872792
mitoC2	structured	6	structured_mitoC2_draw06	Chr16	6105398	6121444	16046	99	6113156	11.93357065			6107235	2.12866548
mitoC2	structured	6	structured_mitoC2_draw06	Chr16	9391868	9403417	11549	81	9392495	10.6279364			9392134	3.45256428
mitoC2	structured	6	structured_mitoC2_draw06	Chr16	11465150	11471837	6687	40	11468694	8.88116121			11465279	3.35901509
mitoC2	structured	6	structured_mitoC2_draw06	Chr16	9069987	9076943	6956	47	9073880	8.39127817			9073381	3.51758492
mitoC2	structured	6	structured_mitoC2_draw06	Chr17	5012032	5058347	46315	169	5033836	25.15683826			5024006	3.09232919
mitoC2	structured	6	structured_mitoC2_draw06	Chr17	6556690	6575604	18914	60	6565895	17.33038977			6561300	2.90660353
mitoC2	structured	6	structured_mitoC2_draw06	Chr17	10861352	10925560	64208	79	10880089	15.59610585			10873060	2.13802125
mitoC2	structured	6	structured_mitoC2_draw06	Chr17	5181870	5199401	17531	93	5187487	15.48192454			5186724	2.32328949
mitoC2	structured	6	structured_mitoC2_draw06	Chr17	6226236	6244980	18744	53	6232697	9.97929707			6232697	3.32249721
mitoC2	structured	6	structured_mitoC2_draw06	Chr17	10488040	10492074	4034	27	10490596	8.32175182			10488720	3.28950575
mitoC2	structured	6	structured_mitoC2_draw06	Chr17	8984891	8992968	8077	39	8987265	8.22638106			8985935	3.02452395
mitoC2	structured	6	structured_mitoC2_draw06	Chr18	4656978	4665875	8897	41	4661966	11.11535734			4659822	3.28663789
mitoC2	structured	6	structured_mitoC2_draw06	Chr18	3730830	3736049	5219	35	3732185	9.01571606			3732032	2.98663353
mitoC2	structured	6	structured_mitoC2_draw06	Chr19	3017695	3030583	12888	82	3022229	15.90887992			3021263	4.41987651
mitoC2	structured	6	structured_mitoC2_draw06	Chr19	3404715	3413040	8325	57	3409131	14.05985603			3404919	3.46513818
mitoC2	structured	6	structured_mitoC2_draw06	Chr19	5382152	5386134	3982	28	5382989	10.24496527			5382989	2.9290803
mitoC2	structured	6	structured_mitoC2_draw06	Chr19	3168740	3182682	13942	42	3180524	9.6571313			3176990	3.36493065
mitoC2	structured	6	structured_mitoC2_draw06	Chr19	6104671	6112236	7565	44	6108881	9.62720099			6107933	2.6611196
mitoC2	structured	6	structured_mitoC2_draw06	Chr2	10001950	10210423	208473	707	10142315	134.22095447			10091297	5.15198906
mitoC2	structured	6	structured_mitoC2_draw06	Chr2	10750335	10758107	7772	48	10753908	10.42678771			10753169	3.65159705
mitoC2	structured	6	structured_mitoC2_draw06	Chr2	14559261	14563974	4713	27	14559532	9.91050281			14559332	3.54178886
mitoC2	structured	6	structured_mitoC2_draw06	Chr20	5412900	5422245	9345	52	5414601	13.7456192			5413820	3.60050402
mitoC2	structured	6	structured_mitoC2_draw06	Chr20	9737271	9792813	55542	98	9750324	13.3454524			9743698	2.54587288
mitoC2	structured	6	structured_mitoC2_draw06	Chr20	6835218	6847783	12565	69	6843565	9.93339742			6841146	3.40174195
mitoC2	structured	6	structured_mitoC2_draw06	Chr21	3883487	3894469	10982	82	3887218	18.77971477			3886941	3.41802796
mitoC2	structured	6	structured_mitoC2_draw06	Chr21	5924031	5934786	10755	46	5928722	16.85034313			5925021	3.41168368
mitoC2	structured	6	structured_mitoC2_draw06	Chr21	8435328	8439051	3723	28	8435687	11.76558559			8435436	2.95132868
mitoC2	structured	6	structured_mitoC2_draw06	Chr21	3719757	3762987	43230	46	3746681	11.62768156			3721350	2.26101384
mitoC2	structured	6	structured_mitoC2_draw06	Chr22	4506216	4517394	11178	94	4513593	22.10913676			4507429	3.29693061
mitoC2	structured	6	structured_mitoC2_draw06	Chr22	5283063	5291480	8417	76	5286457	10.39041203			5285928	2.79258184
mitoC2	structured	6	structured_mitoC2_draw06	Chr22	4235724	4243696	7972	32	4239006	8.50039228			4238753	3.69013204
mitoC2	structured	6	structured_mitoC2_draw06	Chr24	1760860	1886247	125387	403	1799231	166.8396109			1787655	4.7432088
mitoC2	structured	6	structured_mitoC2_draw06	Chr24	3079960	3169331	89371	174	3107151	38.14753805			3094615	4.07068932
mitoC2	structured	6	structured_mitoC2_draw06	Chr24	2066649	2108732	42083	45	2079166	11.76627646			2078207	3.29621589
mitoC2	structured	6	structured_mitoC2_draw06	Chr24	1214338	1232264	17926	51	1222196	10.53381876			1220958	2.6126873
mitoC2	structured	6	structured_mitoC2_draw06	Chr24	1997979	2020695	22716	37	2003332	9.91635069			2003286	3.2774582
mitoC2	structured	6	structured_mitoC2_draw06	Chr24	4737730	4749005	11275	40	4742966	9.35531566			4742945	3.58601058
mitoC2	structured	6	structured_mitoC2_draw06	Chr24	1313621	1334512	20891	43	1315430	8.23225639			1315082	2.13567616
mitoC2	structured	6	structured_mitoC2_draw06	Chr25	9097975	9108448	10473	56	9102787	12.48483008			9101089	3.22787556
mitoC2	structured	6	structured_mitoC2_draw06	Chr25	10150133	10155718	5585	38	10151197	11.93120887			10150807	3.44429672
mitoC2	structured	6	structured_mitoC2_draw06	Chr25	7695562	7724779	29217	54	7700099	11.50573446			7699133	2.61141656
mitoC2	structured	6	structured_mitoC2_draw06	Chr25	11541383	11545261	3878	42	11541882	11.33086899			11541492	1.99749023
mitoC2	structured	6	structured_mitoC2_draw06	Chr25	9414123	9423659	9536	57	9420310	9.64255715			9420310	3.55607631
mitoC2	structured	6	structured_mitoC2_draw06	Chr25	1648740	2334150	685410	64	2317108	9.11883027			2300688	2.11335529
mitoC2	structured	6	structured_mitoC2_draw06	Chr25	10268950	10273332	4382	36	10270646	9.07726882			10269596	3.0370851
mitoC2	structured	6	structured_mitoC2_draw06	Chr25	8347090	8366177	19087	21	8356921	8.12630891			8353112	2.86380308
mitoC2	structured	6	structured_mitoC2_draw06	Chr26	6562876	6656875	93999	159	6626114	31.22423831			6570318	1.8521849
mitoC2	structured	6	structured_mitoC2_draw06	Chr26	8608751	8623716	14965	54	8617407	12.2281354			8609396	2.78495232
mitoC2	structured	6	structured_mitoC2_draw06	Chr27	5289789	5294621	4832	33	5290761	8.78259742			5290743	3.58921759
mitoC2	structured	6	structured_mitoC2_draw06	Chr3	8777280	8783818	6538	49	8778363	20.21469434			8778007	2.88506552
mitoC2	structured	6	structured_mitoC2_draw06	Chr3	1914159	1925283	11124	67	1919294	12.22371173			1915096	2.8378451
mitoC2	structured	6	structured_mitoC2_draw06	Chr3	13442955	13456431	13476	40	13448110	11.66266723			13448110	2.41326995
mitoC2	structured	6	structured_mitoC2_draw06	Chr3	4018165	4024799	6634	26	4018517	10.33141199			4018352	3.39724126
mitoC2	structured	6	structured_mitoC2_draw06	Chr4	16055839	16086335	30496	87	16069923	16.69912242			16068713	2.93573264
mitoC2	structured	6	structured_mitoC2_draw06	Chr4	10460991	10465889	4898	40	10461384	13.05422459			10461267	2.78093623
mitoC2	structured	6	structured_mitoC2_draw06	Chr4	15607735	15616273	8538	48	15612052	10.27972657			15611054	2.02019199
mitoC2	structured	6	structured_mitoC2_draw06	Chr4	9388241	9399473	11232	84	9397835	9.43563276			9392202	2.76484664
mitoC2	structured	6	structured_mitoC2_draw06	Chr4	12180404	12191784	11380	68	12184046	8.45820045			12182788	3.14672084
mitoC2	structured	6	structured_mitoC2_draw06	Chr5	3159450	5136653	1977203	3386	4143642	1066.35756531			3827151	5.87530853
mitoC2	structured	6	structured_mitoC2_draw06	Chr5	3036692	3147310	110618	98	3123582	16.41967315			3106854	3.47021595
mitoC2	structured	6	structured_mitoC2_draw06	Chr5	12075719	12081441	5722	33	12076999	13.16238368			12076272	3.82662954
mitoC2	structured	6	structured_mitoC2_draw06	Chr5	10453979	10459210	5231	26	10455067	12.35582239			10454807	3.90477666
mitoC2	structured	6	structured_mitoC2_draw06	Chr5	9078283	9092596	14313	41	9086200	11.56704978			9083954	2.64145227
mitoC2	structured	6	structured_mitoC2_draw06	Chr5	11827952	11831800	3848	24	11828713	9.05513463			11828626	3.09717239
mitoC2	structured	6	structured_mitoC2_draw06	Chr5	14011161	14013220	2059	23	14011270	8.67452754			14011270	3.60283132
mitoC2	structured	6	structured_mitoC2_draw06	Chr5	7569268	7575860	6592	28	7571214	8.50776292			7570612	3.33590158
mitoC2	structured	6	structured_mitoC2_draw06	Chr6	8994518	9083197	88679	177	9001255	30.04555317			9000310	5.10557486
mitoC2	structured	6	structured_mitoC2_draw06	Chr6	9767257	9782838	15581	87	9775544	15.00536296			9775544	4.4085814
mitoC2	structured	6	structured_mitoC2_draw06	Chr6	10117312	10121499	4187	23	10117932	10.07644959			10117841	2.84085087
mitoC2	structured	6	structured_mitoC2_draw06	Chr6	1939809	1981057	41248	114	1966358	8.73284802			1947415	1.7036431
mitoC2	structured	6	structured_mitoC2_draw06	Chr6	7623049	7638173	15124	31	7625192	8.43795571			7625192	3.30873714
mitoC2	structured	6	structured_mitoC2_draw06	Chr7	10671814	10727275	55461	232	10707773	51.97959563			10684269	4.47137112
mitoC2	structured	6	structured_mitoC2_draw06	Chr7	10606235	10637806	31571	122	10628760	25.01763007			10608993	2.47559435
mitoC2	structured	6	structured_mitoC2_draw06	Chr7	10576439	10605668	29229	119	10577288	13.6734952			10576600	4.29273564
mitoC2	structured	6	structured_mitoC2_draw06	Chr7	5852018	5857290	5272	51	5852828	11.79784588			5852828	3.31577632
mitoC2	structured	6	structured_mitoC2_draw06	Chr7	7441427	7442110	683	26	7441578	11.48388456			7441528	3.13131276
mitoC2	structured	6	structured_mitoC2_draw06	Chr7	11337903	11347986	10083	46	11340148	8.97239316			11338060	2.67021736
mitoC2	structured	6	structured_mitoC2_draw06	Chr8	6685724	7062851	377127	882	6762931	231.19554132			6751632	3.86298955
mitoC2	structured	6	structured_mitoC2_draw06	Chr8	12877698	13015454	137756	206	12978031	35.20385521			12960187	2.64998381
mitoC2	structured	6	structured_mitoC2_draw06	Chr8	9066179	9078498	12319	88	9069938	12.72145751			9076641	4.04980636
mitoC2	structured	6	structured_mitoC2_draw06	Chr8	12784149	12797252	13103	54	12791175	11.31154615			12787113	2.40517264
mitoC2	structured	6	structured_mitoC2_draw06	Chr8	12783856	12815518	31662	78	12807783	10.67395257			12797914	3.76015906
mitoC2	structured	6	structured_mitoC2_draw06	Chr8	8917742	8921180	3438	29	8919366	9.59184123			8917860	3.1163301
mitoC2	structured	6	structured_mitoC2_draw06	Chr8	9207456	9215595	8139	39	9209885	8.60440012			9209604	2.90123263
mitoC2	structured	6	structured_mitoC2_draw06	Chr9	1642000	1959145	317145	1048	1789702	90.3032693799999			1761654	2.94407265
mitoC2	structured	6	structured_mitoC2_draw06	Chr9	1238034	1640157	402123	1106	1604566	82.8945043800003			1573656	2.73497955
mitoC2	structured	6	structured_mitoC2_draw06	Chr9	2817312	2823625	6313	50	2817970	12.68518407			2817958	4.50916238
mitoC2	structured	6	structured_mitoC2_draw06	Chr9	10344230	10399769	55539	105	10388971	11.84358794			10348722	2.95888989
mitoC2	structured	6	structured_mitoC2_draw06	Chr9	5036572	5041720	5148	40	5038855	10.05111109			5037640	3.51448257
mitoC2	structured	6	structured_mitoC2_draw06	Chr9	6564300	6569460	5160	42	6566209	9.76565671			6564302	3.16967038
mitoC2	structured	6	structured_mitoC2_draw06	Chr9	8579758	8592379	12621	67	8588919	9.29392218			8588919	3.25466927
mitoC2	structured	6	structured_mitoC2_draw06	Chr9	7158971	7164568	5597	21	7161949	8.59615195			7160015	2.47986189
mitoC2	structured	6	structured_mitoC2_draw06	Chr9	6152564	6157146	4582	34	6154731	8.22642519			6153537	2.87212955
mitoC2	structured	6	structured_mitoC2_draw06	Chr9	2588656	2621067	32411	85	2593648	8.21983123			2605769	1.8754934
mitoC2	structured	7	structured_mitoC2_draw07	Chr1	6659661	6664696	5035	43	6660966	9.88367378			6659951	3.00228745
mitoC2	structured	7	structured_mitoC2_draw07	Chr1	10876072	10884143	8071	45	10879385	9.57534977			10876966	3.82949694
mitoC2	structured	7	structured_mitoC2_draw07	Chr1	16241832	16248454	6622	29	16243740	8.27896653			16243740	3.8372511
mitoC2	structured	7	structured_mitoC2_draw07	Chr10	8743591	8766597	23006	89	8749655	13.02357502			8746107	2.90447641
mitoC2	structured	7	structured_mitoC2_draw07	Chr10	12636267	12647393	11126	35	12641331	10.420002			12638720	3.02890224
mitoC2	structured	7	structured_mitoC2_draw07	Chr10	12065054	12072125	7071	26	12066482	8.9250584			12066187	3.53314201
mitoC2	structured	7	structured_mitoC2_draw07	Chr11	3389708	4288582	898874	2072	3977775	192.91839809			4186788	2.53032842
mitoC2	structured	7	structured_mitoC2_draw07	Chr11	5172647	5183900	11253	59	5176022	15.58602186			5174893	2.8247744
mitoC2	structured	7	structured_mitoC2_draw07	Chr11	11259158	11270724	11566	37	11262443	10.20999435			11259402	3.52903155
mitoC2	structured	7	structured_mitoC2_draw07	Chr12	7102640	7116498	13858	92	7109336	15.61506742			7105957	3.50788467
mitoC2	structured	7	structured_mitoC2_draw07	Chr12	7090259	7096643	6384	44	7091792	12.95872876			7091559	3.43264128
mitoC2	structured	7	structured_mitoC2_draw07	Chr12	4104661	4106288	1627	24	4104970	11.07291805			4104722	2.98892082
mitoC2	structured	7	structured_mitoC2_draw07	Chr12	6473043	6478233	5190	27	6475527	10.40682546			6475518	2.73325411
mitoC2	structured	7	structured_mitoC2_draw07	Chr12	7221974	7227902	5928	38	7223433	8.270227			7222984	3.10506766
mitoC2	structured	7	structured_mitoC2_draw07	Chr13	3531741	3588964	57223	210	3547280	29.71287515			3543276	2.65963162
mitoC2	structured	7	structured_mitoC2_draw07	Chr13	2366794	2444474	77680	156	2408668	21.60126826			2401885	2.27165269
mitoC2	structured	7	structured_mitoC2_draw07	Chr13	5329776	5347484	17708	70	5338002	14.37751895			5337630	2.53744988
mitoC2	structured	7	structured_mitoC2_draw07	Chr13	7167126	7174084	6958	37	7169034	12.99843597			7168745	2.45236698
mitoC2	structured	7	structured_mitoC2_draw07	Chr13	6249441	6257754	8313	41	6250117	10.5910602			6250064	3.50788066
mitoC2	structured	7	structured_mitoC2_draw07	Chr13	8072516	8075679	3163	20	8073443	8.53504677			8073443	3.74742565
mitoC2	structured	7	structured_mitoC2_draw07	Chr14	4876484	4883252	6768	40	4877509	10.17837903			4877409	3.9164722
mitoC2	structured	7	structured_mitoC2_draw07	Chr14	1791749	1803490	11741	57	1795035	9.23989613			1795035	5.30926726
mitoC2	structured	7	structured_mitoC2_draw07	Chr14	4355621	4360801	5180	30	4357082	8.9056604			4357028	3.05614812
mitoC2	structured	7	structured_mitoC2_draw07	Chr14	5750009	5790906	40897	76	5763338	8.6791123			5763338	3.02723108
mitoC2	structured	7	structured_mitoC2_draw07	Chr14	3094088	3097651	3563	31	3096531	8.100895			3096531	2.99037343
mitoC2	structured	7	structured_mitoC2_draw07	Chr15	6976808	6986633	9825	46	6983613	8.32288137			6977201	3.43012628
mitoC2	structured	7	structured_mitoC2_draw07	Chr16	8323517	8346377	22860	69	8333666	14.23536752			8340224	2.49036385
mitoC2	structured	7	structured_mitoC2_draw07	Chr16	9267079	9271114	4035	52	9267210	12.42704873			9269369	4.40662028
mitoC2	structured	7	structured_mitoC2_draw07	Chr17	5710584	5768895	58311	267	5759886	23.40566041			5758471	2.97059189
mitoC2	structured	7	structured_mitoC2_draw07	Chr17	10768355	10794754	26399	73	10780394	15.60348728			10773705	2.95103047
mitoC2	structured	7	structured_mitoC2_draw07	Chr17	5208443	5237504	29061	98	5221352	13.90251413			5221352	2.56462257
mitoC2	structured	7	structured_mitoC2_draw07	Chr17	5641062	5669457	28395	154	5660183	12.4896406			5644480	2.27694609
mitoC2	structured	7	structured_mitoC2_draw07	Chr17	5119900	5137345	17445	60	5129073	10.28970156			5127846	2.64236529
mitoC2	structured	7	structured_mitoC2_draw07	Chr18	2946862	2959276	12414	126	2953052	23.11107989			2951518	2.43599117
mitoC2	structured	7	structured_mitoC2_draw07	Chr18	2705316	2710757	5441	30	2707930	8.40589677			2707930	3.39663669
mitoC2	structured	7	structured_mitoC2_draw07	Chr18	4925829	4930637	4808	37	4927645	8.00152947			4926209	2.62017892
mitoC2	structured	7	structured_mitoC2_draw07	Chr19	3780245	3791567	11322	51	3785482	15.62128731			3781652	4.07253663
mitoC2	structured	7	structured_mitoC2_draw07	Chr19	6571241	6574959	3718	27	6572840	8.43265356			6572739	3.69665656
mitoC2	structured	7	structured_mitoC2_draw07	Chr19	6209147	6224431	15284	31	6214126	7.88298394			6213911	2.17965635
mitoC2	structured	7	structured_mitoC2_draw07	Chr19	4987417	4990449	3032	21	4989238	7.79647173			4987686	2.82270403
mitoC2	structured	7	structured_mitoC2_draw07	Chr2	9120640	9193925	73285	188	9163532	23.913809			9131453	2.69451761
mitoC2	structured	7	structured_mitoC2_draw07	Chr2	5958733	5971207	12474	89	5965047	19.83971939			5963161	5.5539719
mitoC2	structured	7	structured_mitoC2_draw07	Chr2	12971421	12977380	5959	41	12972380	12.78736835			12971739	3.0063571
mitoC2	structured	7	structured_mitoC2_draw07	Chr20	4918359	4950804	32445	84	4944212	12.89455542			4937245	2.7473505
mitoC2	structured	7	structured_mitoC2_draw07	Chr21	7015303	7021782	6479	39	7018996	8.93971702			7016589	3.42276266
mitoC2	structured	7	structured_mitoC2_draw07	Chr21	7252822	7256275	3453	25	7254289	8.66510772			7252971	3.82594107
mitoC2	structured	7	structured_mitoC2_draw07	Chr22	7591148	7646697	55549	128	7646666	38.00243553			7613666	2.2075537
mitoC2	structured	7	structured_mitoC2_draw07	Chr22	7057332	7083726	26394	45	7076895	9.63253332			7058274	2.91613693
mitoC2	structured	7	structured_mitoC2_draw07	Chr24	2171956	2177526	5570	25	2172986	8.88146242			2172664	3.60827767
mitoC2	structured	7	structured_mitoC2_draw07	Chr25	13029966	13102419	72453	173	13099547	31.78430869			13062456	2.74995172
mitoC2	structured	7	structured_mitoC2_draw07	Chr25	10659889	10675637	15748	87	10667892	15.46390025			10665712	5.5645541
mitoC2	structured	7	structured_mitoC2_draw07	Chr25	8794271	8802064	7793	40	8796138	9.20203904			8795459	3.96815731
mitoC2	structured	7	structured_mitoC2_draw07	Chr26	9327395	9342103	14708	63	9328516	18.08799894			9328188	4.05742929
mitoC2	structured	7	structured_mitoC2_draw07	Chr26	7950553	7956037	5484	35	7950794	16.39206093			7950657	3.02762189
mitoC2	structured	7	structured_mitoC2_draw07	Chr3	4715622	4752413	36791	150	4738460	24.91043685			4722291	3.13757711
mitoC2	structured	7	structured_mitoC2_draw07	Chr3	12896745	12906863	10118	64	12902457	15.90938611			12898075	4.41966784
mitoC2	structured	7	structured_mitoC2_draw07	Chr3	15033438	15040869	7431	51	15036836	11.27608136			15033776	4.26624785
mitoC2	structured	7	structured_mitoC2_draw07	Chr3	13488716	13512619	23903	56	13497969	10.77150093			13490332	2.05075714
mitoC2	structured	7	structured_mitoC2_draw07	Chr3	9655606	9661588	5982	38	9657248	10.73467493			9656866	2.87616525
mitoC2	structured	7	structured_mitoC2_draw07	Chr3	13286096	13292949	6853	49	13286744	10.47275291			13291195	4.1581723
mitoC2	structured	7	structured_mitoC2_draw07	Chr3	14532388	14542835	10447	33	14536933	8.63923029			14535076	4.04893406
mitoC2	structured	7	structured_mitoC2_draw07	Chr4	9186412	9217263	30851	187	9197830	40.07034519			9197830	4.58313503
mitoC2	structured	7	structured_mitoC2_draw07	Chr4	16482252	16609185	126933	231	16523210	27.50498631			16487080	5.71187341
mitoC2	structured	7	structured_mitoC2_draw07	Chr4	15040406	15051186	10780	49	15047086	16.68515965			15044892	3.97821141
mitoC2	structured	7	structured_mitoC2_draw07	Chr4	5348014	5354819	6805	40	5350206	9.5055403			5349051	3.18190305
mitoC2	structured	7	structured_mitoC2_draw07	Chr4	13108940	13117430	8490	62	13114570	9.23674184			13112613	4.2247649
mitoC2	structured	7	structured_mitoC2_draw07	Chr4	16313168	16325573	12405	46	16317274	8.59980245			16315525	2.3764362
mitoC2	structured	7	structured_mitoC2_draw07	Chr5	10401605	10414120	12515	51	10405018	12.96196909			10403378	3.12588863
mitoC2	structured	7	structured_mitoC2_draw07	Chr5	13471656	13519868	48212	93	13490751	12.25520681			13480683	2.43260838
mitoC2	structured	7	structured_mitoC2_draw07	Chr5	9674059	9677106	3047	24	9675649	9.89852364			9674296	4.28235846
mitoC2	structured	7	structured_mitoC2_draw07	Chr6	6197303	6210848	13545	55	6202081	15.28844045			6198200	3.35239344
mitoC2	structured	7	structured_mitoC2_draw07	Chr6	9087379	9098079	10700	62	9094075	15.10614522			9093834	3.63463798
mitoC2	structured	7	structured_mitoC2_draw07	Chr6	5590621	5600681	10060	69	5596311	13.20098921			5594378	3.6045009
mitoC2	structured	7	structured_mitoC2_draw07	Chr6	3828462	3839235	10773	73	3834457	12.39996647			3834457	4.33643824
mitoC2	structured	7	structured_mitoC2_draw07	Chr6	5550341	5554919	4578	30	5550398	9.74029691			5550392	3.61010561
mitoC2	structured	7	structured_mitoC2_draw07	Chr6	7347746	7350619	2873	22	7348437	8.19504671			7347790	3.22896055
mitoC2	structured	7	structured_mitoC2_draw07	Chr7	7480632	7485980	5348	42	7481163	13.44508728			7481030	3.11452418
mitoC2	structured	7	structured_mitoC2_draw07	Chr7	2541149	2563643	22494	41	2558010	9.86456352			2557742	2.62962056
mitoC2	structured	7	structured_mitoC2_draw07	Chr7	5780667	5788936	8269	48	5783627	8.71659728			5782765	2.7424509
mitoC2	structured	7	structured_mitoC2_draw07	Chr8	12129052	12157562	28510	123	12148004	22.36203956			12130748	3.42055019
mitoC2	structured	7	structured_mitoC2_draw07	Chr8	8811281	8843579	32298	79	8832466	11.57331932			8815722	2.44352149
mitoC2	structured	7	structured_mitoC2_draw07	Chr9	3565786	3582872	17086	85	3573150	17.53124293			3565868	3.69606127
mitoC2	structured	7	structured_mitoC2_draw07	Chr9	5511414	5516821	5407	27	5514303	11.52228732			5514126	2.95300095
mitoC2	structured	7	structured_mitoC2_draw07	Chr9	3970204	3976231	6027	38	3973407	11.01435963			3971837	5.756846
mitoC2	structured	7	structured_mitoC2_draw07	Chr9	6013854	6022111	8257	53	6016790	10.38136447			6021260	3.01684732
mitoC2	structured	7	structured_mitoC2_draw07	Chr9	6766364	6773745	7381	29	6767554	10.26940476			6767186	2.98551118
mitoC2	structured	8	structured_mitoC2_draw08	Chr1	7185514	7198209	12695	109	7194383	10.8325172			7193561	3.38699449
mitoC2	structured	8	structured_mitoC2_draw08	Chr10	10254015	10270352	16337	62	10265055	13.48659429			10261807	3.20705086
mitoC2	structured	8	structured_mitoC2_draw08	Chr10	9756674	9762785	6111	50	9757620	8.75373497			9757092	3.54609003
mitoC2	structured	8	structured_mitoC2_draw08	Chr10	8462773	8466511	3738	32	8462914	8.58203431			8462875	3.7196077
mitoC2	structured	8	structured_mitoC2_draw08	Chr11	4253020	4270733	17713	107	4262951	16.15456126			4265762	2.37129978
mitoC2	structured	8	structured_mitoC2_draw08	Chr11	10183708	10187559	3851	34	10184123	10.74719078			10183952	3.04564094
mitoC2	structured	8	structured_mitoC2_draw08	Chr11	6739725	6748866	9141	44	6740834	9.65177493			6740569	2.61746689
mitoC2	structured	8	structured_mitoC2_draw08	Chr11	11237023	11243680	6657	29	11241218	9.30741681			11241207	3.08764413
mitoC2	structured	8	structured_mitoC2_draw08	Chr11	8592339	8601079	8740	65	8598638	9.04529216			8594006	3.33608911
mitoC2	structured	8	structured_mitoC2_draw08	Chr11	9210873	9225786	14913	49	9220874	8.2712371			9216862	2.9359773
mitoC2	structured	8	structured_mitoC2_draw08	Chr12	5222947	5243868	20921	127	5229764	11.55054744			5229142	3.56970222
mitoC2	structured	8	structured_mitoC2_draw08	Chr12	7485293	7507088	21795	64	7491182	10.41791647			7486878	2.50711244
mitoC2	structured	8	structured_mitoC2_draw08	Chr12	10992180	11002532	10352	41	10995799	9.9354524			10995031	3.01202841
mitoC2	structured	8	structured_mitoC2_draw08	Chr12	9749563	9753354	3791	44	9751514	9.07680919			9749726	2.31730591
mitoC2	structured	8	structured_mitoC2_draw08	Chr12	5458400	5460161	1761	21	5459129	8.2371784			5459078	2.61712952
mitoC2	structured	8	structured_mitoC2_draw08	Chr13	9111762	9143204	31442	109	9112437	23.01938394			9112135	4.91266739
mitoC2	structured	8	structured_mitoC2_draw08	Chr13	2332659	2369287	36628	48	2339817	13.6376006			2337475	2.59547438
mitoC2	structured	8	structured_mitoC2_draw08	Chr13	8670214	8683955	13741	77	8679311	11.62087395			8678701	3.86202461
mitoC2	structured	8	structured_mitoC2_draw08	Chr13	6607000	6617885	10885	69	6612119	9.43728565			6608600	3.32843884
mitoC2	structured	8	structured_mitoC2_draw08	Chr13	7865231	7883212	17981	94	7870379	8.72115572			7869981	2.86452344
mitoC2	structured	8	structured_mitoC2_draw08	Chr14	5939435	5979535	40100	93	5943420	25.86165173			5939792	4.36293288
mitoC2	structured	8	structured_mitoC2_draw08	Chr14	2701440	2712227	10787	59	2705715	17.39316448			2705715	3.81644603
mitoC2	structured	8	structured_mitoC2_draw08	Chr14	7656792	7710382	53590	60	7679155	8.23214548			7676018	2.43966603
mitoC2	structured	8	structured_mitoC2_draw08	Chr15	9782941	9814116	31175	80	9789637	14.7879884			9787045	2.75465948
mitoC2	structured	8	structured_mitoC2_draw08	Chr15	4149106	4184208	35102	101	4156126	10.30940186			4158860	3.06894358
mitoC2	structured	8	structured_mitoC2_draw08	Chr15	6193723	6207282	13559	74	6197536	10.25167909			6196759	2.61255424
mitoC2	structured	8	structured_mitoC2_draw08	Chr15	6799577	6811853	12276	39	6808062	9.49028734			6805678	2.92401127
mitoC2	structured	8	structured_mitoC2_draw08	Chr17	5747194	5773536	26342	98	5760317	27.39676502			5759876	3.58190066
mitoC2	structured	8	structured_mitoC2_draw08	Chr17	4784611	4813073	28462	91	4794210	16.51058212			4786390	3.38669478
mitoC2	structured	8	structured_mitoC2_draw08	Chr17	5860908	5879241	18333	62	5864267	15.70797809			5863280	2.60093246
mitoC2	structured	8	structured_mitoC2_draw08	Chr17	1630740	1704591	73851	189	1688256	14.62769571			1677590	2.45701584
mitoC2	structured	8	structured_mitoC2_draw08	Chr17	10083283	10091863	8580	35	10088859	10.54333497			10088072	4.18636372
mitoC2	structured	8	structured_mitoC2_draw08	Chr17	7397566	7407972	10406	57	7404785	9.48957101			7398332	2.71134101
mitoC2	structured	8	structured_mitoC2_draw08	Chr18	3024414	3069977	45563	123	3031863	29.39510647			3028188	3.44877994
mitoC2	structured	8	structured_mitoC2_draw08	Chr18	5017153	5024971	7818	66	5020284	13.80571957			5020206	5.19540195
mitoC2	structured	8	structured_mitoC2_draw08	Chr18	5536361	5549121	12760	46	5543151	12.57876593			5539224	2.79917632
mitoC2	structured	8	structured_mitoC2_draw08	Chr18	4309756	4327567	17811	54	4323964	8.05078485			4317465	2.86065406
mitoC2	structured	8	structured_mitoC2_draw08	Chr19	3986383	3988801	2418	27	3986694	8.11899133			3986558	3.05481901
mitoC2	structured	8	structured_mitoC2_draw08	Chr2	17392695	17397767	5072	29	17393352	12.33015779			17393352	2.75496299
mitoC2	structured	8	structured_mitoC2_draw08	Chr2	5827489	5831545	4056	42	5829311	11.94004033			5828109	3.38877343
mitoC2	structured	8	structured_mitoC2_draw08	Chr2	16259906	16267983	8077	46	16264354	9.57983336			16261076	3.24413197
mitoC2	structured	8	structured_mitoC2_draw08	Chr2	15658854	15670569	11715	56	15666616	8.9738567			15659817	3.36163613
mitoC2	structured	8	structured_mitoC2_draw08	Chr2	16573824	16576103	2279	22	16574002	8.49608639			16573941	3.23024738
mitoC2	structured	8	structured_mitoC2_draw08	Chr2	14646153	14652597	6444	37	14648385	8.44593677			14647566	3.97611858
mitoC2	structured	8	structured_mitoC2_draw08	Chr20	7809788	7812877	3089	29	7810736	8.55765516			7810103	2.49110901
mitoC2	structured	8	structured_mitoC2_draw08	Chr21	5547772	5551159	3387	27	5548513	10.28793305			5548152	3.11695395
mitoC2	structured	8	structured_mitoC2_draw08	Chr21	7156103	7167588	11485	70	7164155	9.99364936			7160033	3.17263481
mitoC2	structured	8	structured_mitoC2_draw08	Chr21	7361154	7370341	9187	50	7364535	9.26015125			7367123	3.63049286
mitoC2	structured	8	structured_mitoC2_draw08	Chr21	10165653	10171122	5469	24	10168642	7.93097303			10168426	2.81778989
mitoC2	structured	8	structured_mitoC2_draw08	Chr22	4831185	4866629	35444	211	4852943	25.24945279			4846922	3.77545563
mitoC2	structured	8	structured_mitoC2_draw08	Chr22	7547660	7646697	99037	207	7599048	24.38967786			7553823	2.67870363
mitoC2	structured	8	structured_mitoC2_draw08	Chr22	6365033	6387925	22892	45	6377980	8.16274531			6365558	2.52569023
mitoC2	structured	8	structured_mitoC2_draw08	Chr22	6492293	6503563	11270	55	6494173	7.77132075			6493349	2.94622026
mitoC2	structured	8	structured_mitoC2_draw08	Chr24	1165287	1217427	52140	88	1199563	14.78584663			1196302	3.04353927
mitoC2	structured	8	structured_mitoC2_draw08	Chr24	2043118	2082637	39519	79	2052793	11.01580263			2064436	2.01123165
mitoC2	structured	8	structured_mitoC2_draw08	Chr24	1916861	1922482	5621	26	1918023	8.35911739			1917774	3.21576664
mitoC2	structured	8	structured_mitoC2_draw08	Chr24	5285272	5292685	7413	26	5287869	8.11357709			5285918	3.84826656
mitoC2	structured	8	structured_mitoC2_draw08	Chr25	3992502	8612403	4619901	8860	7735341	1257.21149775			8239321	3.44882104
mitoC2	structured	8	structured_mitoC2_draw08	Chr25	2409321	2863431	454110	887	2587244	46.54209599			2440339	2.26098448
mitoC2	structured	8	structured_mitoC2_draw08	Chr25	10557388	10611806	54418	150	10587866	28.9624097			10568594	3.26283297
mitoC2	structured	8	structured_mitoC2_draw08	Chr26	6288287	6754218	465931	567	6606034	85.32568885			6457743	3.67274455
mitoC2	structured	8	structured_mitoC2_draw08	Chr26	1443368	1655375	212007	125	1546588	17.0165548			1504941	2.25846345
mitoC2	structured	8	structured_mitoC2_draw08	Chr26	8425477	8431710	6233	63	8426289	14.54682792			8426289	3.09902281
mitoC2	structured	8	structured_mitoC2_draw08	Chr26	3250897	3417719	166822	91	3303555	13.47756497			3253960	2.34845237
mitoC2	structured	8	structured_mitoC2_draw08	Chr26	9879050	9890112	11062	31	9880945	9.97991613			9880930	2.99939485
mitoC2	structured	8	structured_mitoC2_draw08	Chr27	6921550	7037507	115957	283	7037507	122.81686265			6922511	3.21480782
mitoC2	structured	8	structured_mitoC2_draw08	Chr27	4878021	4897594	19573	85	4889454	20.36242999			4886227	3.40742456
mitoC2	structured	8	structured_mitoC2_draw08	Chr27	6845104	6857819	12715	52	6853197	10.50538524			6851502	2.74594886
mitoC2	structured	8	structured_mitoC2_draw08	Chr27	4899057	4907337	8280	48	4903749	8.5497664			4899402	3.3419649
mitoC2	structured	8	structured_mitoC2_draw08	Chr27	3359600	3366219	6619	23	3362094	7.94187757			3361840	3.58384978
mitoC2	structured	8	structured_mitoC2_draw08	Chr3	3770655	3916534	145879	482	3815411	174.12222015			3782398	4.38934473
mitoC2	structured	8	structured_mitoC2_draw08	Chr3	11054424	11123963	69539	159	11099255	41.43394998			11054510	3.38755888
mitoC2	structured	8	structured_mitoC2_draw08	Chr3	2515565	2542577	27012	131	2518582	30.65514154			2517256	4.18175616
mitoC2	structured	8	structured_mitoC2_draw08	Chr3	6279300	6339891	60591	161	6312989	21.95357199			6290928	1.89937882
mitoC2	structured	8	structured_mitoC2_draw08	Chr3	6753134	6964844	211710	270	6801123	20.68063718			6791413	2.09393614
mitoC2	structured	8	structured_mitoC2_draw08	Chr3	6189331	6245688	56357	138	6228546	10.41409924			6226501	1.92627454
mitoC2	structured	8	structured_mitoC2_draw08	Chr3	716658	725320	8662	40	721252	9.1448829			719240	3.60033909
mitoC2	structured	8	structured_mitoC2_draw08	Chr3	12599284	12605157	5873	36	12601398	9.08115725			12599462	2.8730772
mitoC2	structured	8	structured_mitoC2_draw08	Chr3	10314701	10317841	3140	23	10315633	8.96537029			10315168	4.2102039
mitoC2	structured	8	structured_mitoC2_draw08	Chr3	9407419	9413614	6195	37	9411798	8.72618788			9411798	2.67770069
mitoC2	structured	8	structured_mitoC2_draw08	Chr3	7144578	7162421	17843	72	7154666	8.50160349			7153040	2.00304761
mitoC2	structured	8	structured_mitoC2_draw08	Chr4	11348776	11403624	54848	191	11380368	36.62686864			11361544	3.3732426
mitoC2	structured	8	structured_mitoC2_draw08	Chr4	16345428	16364382	18954	81	16358169	11.99570714			16356228	2.4617153
mitoC2	structured	8	structured_mitoC2_draw08	Chr4	11980647	11984736	4089	33	11981440	9.65488469			11982502	2.99776308
mitoC2	structured	8	structured_mitoC2_draw08	Chr5	10061983	10090872	28889	77	10081614	18.53200253			10062311	2.54409169
mitoC2	structured	8	structured_mitoC2_draw08	Chr5	13425538	13437052	11514	51	13431144	13.51613675			13430678	4.03989771
mitoC2	structured	8	structured_mitoC2_draw08	Chr5	7346503	7359811	13308	88	7353805	10.87393762			7349047	3.87037663
mitoC2	structured	8	structured_mitoC2_draw08	Chr6	6969486	6973940	4454	32	6970653	10.22403817			6969913	3.5051311
mitoC2	structured	8	structured_mitoC2_draw08	Chr6	3239329	3242890	3561	27	3240047	10.18857917			3240047	3.22258018
mitoC2	structured	8	structured_mitoC2_draw08	Chr6	4212736	4217922	5186	26	4213721	9.46648285			4212860	4.24465322
mitoC2	structured	8	structured_mitoC2_draw08	Chr7	10142430	10145009	2579	25	10142776	9.0749607			10142686	4.23171896
mitoC2	structured	8	structured_mitoC2_draw08	Chr7	5911531	5915908	4377	31	5911943	8.71758052			5911796	3.49855845
mitoC2	structured	8	structured_mitoC2_draw08	Chr7	6478739	6484164	5425	29	6480915	8.43583141			6480638	2.85257431
mitoC2	structured	8	structured_mitoC2_draw08	Chr8	9698923	9727864	28941	79	9711370	21.62933343			9706241	3.81125123
mitoC2	structured	8	structured_mitoC2_draw08	Chr8	11474765	11490732	15967	111	11479368	15.28890105			11479368	3.64173437
mitoC2	structured	8	structured_mitoC2_draw08	Chr8	12358243	12362615	4372	28	12360166	10.00234009			12359264	3.30333102
mitoC2	structured	8	structured_mitoC2_draw08	Chr8	10886855	10890248	3393	32	10886967	9.37386441			10886859	3.42618239
mitoC2	structured	8	structured_mitoC2_draw08	Chr9	7104522	7194921	90399	195	7168080	62.66743585			7160691	4.17309422
mitoC2	structured	8	structured_mitoC2_draw08	Chr9	7976068	7994664	18596	108	7983622	25.49230359			7983433	3.17880009
mitoC2	structured	8	structured_mitoC2_draw08	Chr9	2334919	2343305	8386	41	2340939	10.2961882			2338877	3.49535693
mitoC2	structured	9	structured_mitoC2_draw09	Chr1	11579262	11597001	17739	97	11583068	20.54032889			11579874	3.49331359
mitoC2	structured	9	structured_mitoC2_draw09	Chr1	7853855	7868847	14992	85	7862652	17.70807084			7861735	3.34577782
mitoC2	structured	9	structured_mitoC2_draw09	Chr1	14513143	14518091	4948	39	14515251	10.73127289			14514572	2.93595116
mitoC2	structured	9	structured_mitoC2_draw09	Chr1	10538724	10542713	3989	36	10540056	10.14797465			10539642	2.27347645
mitoC2	structured	9	structured_mitoC2_draw09	Chr1	429339	436946	7607	54	434956	9.27699098			433314	2.60725156
mitoC2	structured	9	structured_mitoC2_draw09	Chr10	12739331	12743800	4469	39	12740163	11.16543852			12739585	2.64573835
mitoC2	structured	9	structured_mitoC2_draw09	Chr10	5950712	5979218	28506	42	5960867	9.66950796			5954714	3.78685147
mitoC2	structured	9	structured_mitoC2_draw09	Chr11	10215956	10225061	9105	51	10217771	17.05517484			10216657	4.51415262
mitoC2	structured	9	structured_mitoC2_draw09	Chr11	11241218	11272267	31049	91	11256698	14.47096702			11242878	2.9249856
mitoC2	structured	9	structured_mitoC2_draw09	Chr11	7518777	7522976	4199	41	7520826	9.97866643			7518824	2.64686299
mitoC2	structured	9	structured_mitoC2_draw09	Chr11	8920144	8922982	2838	20	8920466	8.80269008			8920442	2.87555087
mitoC2	structured	9	structured_mitoC2_draw09	Chr11	8710495	8713908	3413	31	8711801	8.54625402			8710928	2.74176317
mitoC2	structured	9	structured_mitoC2_draw09	Chr12	10014259	10046125	31866	169	10033820	28.32109973			10020762	4.84058577
mitoC2	structured	9	structured_mitoC2_draw09	Chr12	10511319	10529963	18644	90	10523579	21.31025967			10513829	3.65522008
mitoC2	structured	9	structured_mitoC2_draw09	Chr12	4138222	4161497	23275	110	4149353	20.07539155			4149353	3.28512598
mitoC2	structured	9	structured_mitoC2_draw09	Chr12	4112162	4116743	4581	45	4112815	16.54318482			4112234	3.20739141
mitoC2	structured	9	structured_mitoC2_draw09	Chr12	6239158	6246780	7622	40	6242575	15.96656866			6240970	3.8394035
mitoC2	structured	9	structured_mitoC2_draw09	Chr12	11111913	11132778	20865	65	11114347	12.55707597			11113745	3.57556163
mitoC2	structured	9	structured_mitoC2_draw09	Chr12	9316313	9328988	12675	32	9317376	12.37087092			9317147	5.8837143
mitoC2	structured	9	structured_mitoC2_draw09	Chr12	5757115	5766879	9764	46	5761355	9.74580336			5759118	2.87971612
mitoC2	structured	9	structured_mitoC2_draw09	Chr12	9083539	9097925	14386	59	9091460	8.93805698			9092742	3.03355787
mitoC2	structured	9	structured_mitoC2_draw09	Chr13	1695573	2336136	640563	570	2116129	62.00237275			2212982	2.53009629
mitoC2	structured	9	structured_mitoC2_draw09	Chr13	2970022	3047201	77179	105	2987162	27.1667116			2992221	3.82621547
mitoC2	structured	9	structured_mitoC2_draw09	Chr13	8127913	8142737	14824	79	8134900	22.50174413			8134291	3.57372774
mitoC2	structured	9	structured_mitoC2_draw09	Chr13	1004403	1415563	411160	549	1186418	21.68867158			1089083	2.29430609
mitoC2	structured	9	structured_mitoC2_draw09	Chr13	5526793	5557214	30421	104	5542733	17.45820287			5542733	3.25067365
mitoC2	structured	9	structured_mitoC2_draw09	Chr13	4812362	4820653	8291	55	4815434	13.60258665			4814321	2.81785478
mitoC2	structured	9	structured_mitoC2_draw09	Chr13	7182577	7202387	19810	69	7185459	12.17522779			7184274	3.89122318
mitoC2	structured	9	structured_mitoC2_draw09	Chr13	9241584	9248665	7081	43	9244421	12.06074023			9243181	3.18382679
mitoC2	structured	9	structured_mitoC2_draw09	Chr13	1436004	1547601	111597	115	1455516	10.60173356			1446142	1.92037983
mitoC2	structured	9	structured_mitoC2_draw09	Chr13	8090144	8094427	4283	31	8091416	9.90374591			8090698	3.86336632
mitoC2	structured	9	structured_mitoC2_draw09	Chr13	1555920	1650594	94674	94	1646086	9.6526411			1631337	2.10046978
mitoC2	structured	9	structured_mitoC2_draw09	Chr14	5767723	5859100	91377	74	5784820	17.04884099			5772127	3.32824437
mitoC2	structured	9	structured_mitoC2_draw09	Chr14	4467794	4473554	5760	38	4469935	11.95864183			4468850	3.44073479
mitoC2	structured	9	structured_mitoC2_draw09	Chr14	6203827	6218489	14662	84	6212709	11.43675484			6212695	3.16355365
mitoC2	structured	9	structured_mitoC2_draw09	Chr14	1193543	1200497	6954	34	1197363	10.17855682			1196575	3.41754503
mitoC2	structured	9	structured_mitoC2_draw09	Chr14	5683814	5695162	11348	42	5688934	10.13281545			5684890	4.13131771
mitoC2	structured	9	structured_mitoC2_draw09	Chr14	5145798	5151679	5881	41	5147490	9.67108374			5146299	5.94795359
mitoC2	structured	9	structured_mitoC2_draw09	Chr14	5459681	5465377	5696	36	5462487	8.32453891			5462290	2.61632485
mitoC2	structured	9	structured_mitoC2_draw09	Chr15	9618057	9646890	28833	105	9627183	16.96534662			9618736	2.38739141
mitoC2	structured	9	structured_mitoC2_draw09	Chr15	10115705	10136874	21169	67	10128599	15.2132306			10124579	2.09825964
mitoC2	structured	9	structured_mitoC2_draw09	Chr15	8068036	8075529	7493	65	8070717	14.62934034			8068099	4.26901417
mitoC2	structured	9	structured_mitoC2_draw09	Chr15	4888352	4895341	6989	60	4891365	13.90421244			4891339	4.66759377
mitoC2	structured	9	structured_mitoC2_draw09	Chr15	6166641	6176835	10194	69	6170018	10.98021736			6166892	3.12764554
mitoC2	structured	9	structured_mitoC2_draw09	Chr15	9331536	9340154	8618	39	9336066	10.2678937			9332463	2.90474458
mitoC2	structured	9	structured_mitoC2_draw09	Chr15	7456222	7459904	3682	26	7456864	9.38103181			7456697	4.13916448
mitoC2	structured	9	structured_mitoC2_draw09	Chr16	9966476	9972249	5773	37	9967857	11.33684521			9966564	4.33531384
mitoC2	structured	9	structured_mitoC2_draw09	Chr16	9852554	9860106	7552	54	9854189	9.177183			9853094	2.73858167
mitoC2	structured	9	structured_mitoC2_draw09	Chr16	10220263	10227049	6786	26	10221520	8.97435996			10221202	4.16285746
mitoC2	structured	9	structured_mitoC2_draw09	Chr17	3161207	4897330	1736123	4434	4393608	558.31395756			3528438	2.64728476
mitoC2	structured	9	structured_mitoC2_draw09	Chr17	1819664	2230817	411153	838	2014830	112.71958285			1821780	2.7999893
mitoC2	structured	9	structured_mitoC2_draw09	Chr17	3100272	3161069	60797	220	3152041	22.55236307			3111448	1.90467998
mitoC2	structured	9	structured_mitoC2_draw09	Chr17	6679175	6683859	4684	35	6679917	12.73263394			6679537	3.29361883
mitoC2	structured	9	structured_mitoC2_draw09	Chr19	3780245	3813748	33503	118	3797477	14.88676696			3797369	2.97157488
mitoC2	structured	9	structured_mitoC2_draw09	Chr19	6409994	6417565	7571	38	6412330	11.61116189			6410542	3.35631071
mitoC2	structured	9	structured_mitoC2_draw09	Chr19	6833872	6845043	11171	64	6837849	11.02928261			6835658	3.4733479
mitoC2	structured	9	structured_mitoC2_draw09	Chr19	7188846	7217895	29049	84	7203067	10.91381563			7203067	3.09651475
mitoC2	structured	9	structured_mitoC2_draw09	Chr19	4977870	4985383	7513	29	4980881	8.22711495			4979831	3.03980304
mitoC2	structured	9	structured_mitoC2_draw09	Chr19	3473342	3476412	3070	20	3474266	7.88779191			3474204	2.27727069
mitoC2	structured	9	structured_mitoC2_draw09	Chr2	5597296	5619188	21892	105	5611029	28.98569319			5608467	3.26609187
mitoC2	structured	9	structured_mitoC2_draw09	Chr2	11674710	11697316	22606	95	11681019	26.82699822			11678362	4.95525963
mitoC2	structured	9	structured_mitoC2_draw09	Chr2	13850236	13888437	38201	126	13878800	26.34793786			13851502	4.20045605
mitoC2	structured	9	structured_mitoC2_draw09	Chr2	4795948	4818111	22163	86	4808629	20.00104214			4797646	3.2149603
mitoC2	structured	9	structured_mitoC2_draw09	Chr2	13744575	13784723	40148	116	13762030	18.7970119			13755959	3.27735561
mitoC2	structured	9	structured_mitoC2_draw09	Chr2	12262694	12266590	3896	46	12264247	10.45505109			12264098	3.36891532
mitoC2	structured	9	structured_mitoC2_draw09	Chr2	5963621	5972355	8734	55	5969589	9.51574394			5969019	5.18632522
mitoC2	structured	9	structured_mitoC2_draw09	Chr2	7968661	7973676	5015	37	7970258	9.40295797			7969782	2.96981882
mitoC2	structured	9	structured_mitoC2_draw09	Chr2	8097100	8101349	4249	35	8098626	8.74074442			8098190	2.57191871
mitoC2	structured	9	structured_mitoC2_draw09	Chr20	8406109	8412035	5926	43	8410093	14.97881035			8407558	2.90520364
mitoC2	structured	9	structured_mitoC2_draw09	Chr20	9146168	9156189	10021	42	9150687	11.70021126			9148160	2.62281689
mitoC2	structured	9	structured_mitoC2_draw09	Chr21	9933765	9949319	15554	93	9937746	23.94111058			9935308	3.61755488
mitoC2	structured	9	structured_mitoC2_draw09	Chr21	10151629	10202238	50609	150	10173519	19.41657088			10156683	2.7116061
mitoC2	structured	9	structured_mitoC2_draw09	Chr21	10249332	10304686	55354	97	10283177	11.12674957			10278072	1.62257687
mitoC2	structured	9	structured_mitoC2_draw09	Chr21	9658629	9662127	3498	22	9659428	8.69408642			9659428	4.26323
mitoC2	structured	9	structured_mitoC2_draw09	Chr22	1220788	2551482	1330694	2030	2293626	569.531637769999			2116400	4.80421
mitoC2	structured	9	structured_mitoC2_draw09	Chr22	3965330	3971250	5920	28	3966438	10.94495234			3966151	2.64897838
mitoC2	structured	9	structured_mitoC2_draw09	Chr22	6448351	6453088	4737	40	6449482	9.15457116			6449212	3.11450096
mitoC2	structured	9	structured_mitoC2_draw09	Chr22	6333815	6341590	7775	35	6335459	8.82883827			6334606	3.61433245
mitoC2	structured	9	structured_mitoC2_draw09	Chr24	1164415	1248845	84430	206	1213526	63.77278977			1199372	3.48687443
mitoC2	structured	9	structured_mitoC2_draw09	Chr24	1334031	1659207	325176	249	1614895	28.46840248			1612058	3.13724424
mitoC2	structured	9	structured_mitoC2_draw09	Chr24	5632119	5639643	7524	47	5634315	10.43522178			5633923	3.26562604
mitoC2	structured	9	structured_mitoC2_draw09	Chr25	10561508	10607595	46087	121	10593910	22.18023626			10564721	2.62036121
mitoC2	structured	9	structured_mitoC2_draw09	Chr25	12460172	12486341	26169	117	12478147	21.64674552			12464043	3.86455273
mitoC2	structured	9	structured_mitoC2_draw09	Chr25	12171991	12203894	31903	73	12184325	16.68652679			12173041	3.56171169
mitoC2	structured	9	structured_mitoC2_draw09	Chr26	6636859	6901218	264359	348	6758646	118.8561784			6662289	2.74721962
mitoC2	structured	9	structured_mitoC2_draw09	Chr26	5492555	5809985	317430	318	5701080	32.03904457			5701042	2.36805248
mitoC2	structured	9	structured_mitoC2_draw09	Chr26	7589936	7605059	15123	62	7595132	12.66864748			7590276	2.40495786
mitoC2	structured	9	structured_mitoC2_draw09	Chr27	3107913	3230480	122567	229	3206839	32.40557656			3146640	3.07095618
mitoC2	structured	9	structured_mitoC2_draw09	Chr27	2604098	2631206	27108	77	2626829	9.30646409			2612781	3.49211867
mitoC2	structured	9	structured_mitoC2_draw09	Chr27	6527159	6532660	5501	27	6527729	8.7987727			6527320	2.71572096
mitoC2	structured	9	structured_mitoC2_draw09	Chr3	3931517	3948335	16818	94	3938718	15.19315415			3938718	2.970887
mitoC2	structured	9	structured_mitoC2_draw09	Chr3	3974647	3983664	9017	60	3977007	11.98042317			3976287	2.92828649
mitoC2	structured	9	structured_mitoC2_draw09	Chr3	360551	374182	13631	55	366262	11.16248352			362036	2.68478594
mitoC2	structured	9	structured_mitoC2_draw09	Chr3	3169861	3178765	8904	59	3175214	10.02448834			3171575	2.93788507
mitoC2	structured	9	structured_mitoC2_draw09	Chr3	11894555	11913270	18715	53	11908128	9.50347746			11900077	2.91020232
mitoC2	structured	9	structured_mitoC2_draw09	Chr3	11282070	11291084	9014	74	11288285	9.1329033			11282248	3.80146671
mitoC2	structured	9	structured_mitoC2_draw09	Chr3	10759994	10763977	3983	26	10761213	9.08821017			10760899	3.45194486
mitoC2	structured	9	structured_mitoC2_draw09	Chr4	15606400	15625409	19009	110	15611733	36.44600552			15609576	3.50110105
mitoC2	structured	9	structured_mitoC2_draw09	Chr4	10201490	10209615	8125	47	10204317	12.47890003			10202967	3.38636767
mitoC2	structured	9	structured_mitoC2_draw09	Chr4	16371598	16382361	10763	48	16376874	10.08714617			16381448	2.05813706
mitoC2	structured	9	structured_mitoC2_draw09	Chr4	5250812	5253939	3127	24	5250889	9.48383768			5250856	3.74462768
mitoC2	structured	9	structured_mitoC2_draw09	Chr4	15968102	15974937	6835	43	15973064	9.18911644			15969130	2.99672443
mitoC2	structured	9	structured_mitoC2_draw09	Chr4	6392587	6396423	3836	46	6393744	9.16178343			6393032	2.25199833
mitoC2	structured	9	structured_mitoC2_draw09	Chr5	4084311	4179773	95462	103	4143642	15.46914231			4093735	2.92426273
mitoC2	structured	9	structured_mitoC2_draw09	Chr5	9317189	9325901	8712	49	9319400	10.07689504			9320894	4.90742979
mitoC2	structured	9	structured_mitoC2_draw09	Chr5	12706845	12711606	4761	29	12707438	9.89814454			12707100	2.96869125
mitoC2	structured	9	structured_mitoC2_draw09	Chr5	9020119	9028698	8579	33	9022991	9.82121793			9022613	4.47376641
mitoC2	structured	9	structured_mitoC2_draw09	Chr5	12143795	12154678	10883	51	12150452	9.32309807			12147558	3.53730647
mitoC2	structured	9	structured_mitoC2_draw09	Chr5	7989250	7994647	5397	28	7991945	8.68813113			7990382	3.71833693
mitoC2	structured	9	structured_mitoC2_draw09	Chr6	10114758	10180262	65504	266	10152122	40.19653222			10117680	3.73597383
mitoC2	structured	9	structured_mitoC2_draw09	Chr6	10340740	10381767	41027	115	10361405	25.64994976			10352885	4.39064999
mitoC2	structured	9	structured_mitoC2_draw09	Chr6	6384141	6391233	7092	54	6385857	11.51948952			6385129	3.01066378
mitoC2	structured	9	structured_mitoC2_draw09	Chr6	9162855	9167558	4703	49	9165685	9.38701687			9164535	4.19949673
mitoC2	structured	9	structured_mitoC2_draw09	Chr6	6471035	6473790	2755	27	6471359	8.80055358			6472678	3.75738345
mitoC2	structured	9	structured_mitoC2_draw09	Chr6	9177429	9183459	6030	39	9180360	8.56414788			9180347	2.72188089
mitoC2	structured	9	structured_mitoC2_draw09	Chr6	5045117	5049736	4619	31	5046066	8.35888881			5045898	2.66345024
mitoC2	structured	9	structured_mitoC2_draw09	Chr6	9121394	9127896	6502	45	9122688	8.21862431			9122688	3.19431844
mitoC2	structured	9	structured_mitoC2_draw09	Chr6	2712108	2720934	8826	30	2715441	8.12899215			2712896	3.31138387
mitoC2	structured	9	structured_mitoC2_draw09	Chr7	10607172	10634312	27140	99	10619326	15.24264614			10618752	2.72866324
mitoC2	structured	9	structured_mitoC2_draw09	Chr7	7614612	7625151	10539	73	7619909	13.46666965			7614754	3.63455908
mitoC2	structured	9	structured_mitoC2_draw09	Chr7	12417066	12440248	23182	114	12426764	13.33386271			12417296	2.48446072
mitoC2	structured	9	structured_mitoC2_draw09	Chr7	5204492	5210452	5960	56	5206631	13.27405297			5206012	3.29978271
mitoC2	structured	9	structured_mitoC2_draw09	Chr7	9600442	9605495	5053	39	9602502	12.53248347			9601595	3.8610994
mitoC2	structured	9	structured_mitoC2_draw09	Chr7	11637335	11655273	17938	102	11646169	12.02408854			11643214	2.76228643
mitoC2	structured	9	structured_mitoC2_draw09	Chr7	7992092	7997991	5899	39	7993382	11.69860084			7993308	4.41447555
mitoC2	structured	9	structured_mitoC2_draw09	Chr7	8589684	8600005	10321	65	8591636	10.57981378			8591539	2.59662256
mitoC2	structured	9	structured_mitoC2_draw09	Chr7	11187544	11193736	6192	30	11189026	9.64898919			11188069	3.41096746
mitoC2	structured	9	structured_mitoC2_draw09	Chr7	12890590	12900585	9995	57	12896540	9.04762267			12892302	4.09263351
mitoC2	structured	9	structured_mitoC2_draw09	Chr7	12526071	12533389	7318	49	12531870	8.86325617			12531200	3.74427293
mitoC2	structured	9	structured_mitoC2_draw09	Chr7	10876347	10881541	5194	35	10878291	8.75831253			10876680	3.71688976
mitoC2	structured	9	structured_mitoC2_draw09	Chr7	7773672	7776650	2978	41	7774158	8.62996288			7774158	4.01779659
mitoC2	structured	9	structured_mitoC2_draw09	Chr8	6257721	6865186	607465	1028	6498299	280.30225031			6305555	4.33619044
mitoC2	structured	9	structured_mitoC2_draw09	Chr8	8324296	8336349	12053	80	8331564	15.13645692			8330159	3.4659539
mitoC2	structured	9	structured_mitoC2_draw09	Chr8	7047273	7068357	21084	77	7059518	14.38040426			7048669	4.29781657
mitoC2	structured	9	structured_mitoC2_draw09	Chr8	12880796	12949603	68807	117	12924848	12.93368902			12917154	2.56862064
mitoC2	structured	9	structured_mitoC2_draw09	Chr8	9674731	9694605	19874	62	9679266	11.81747967			9679259	3.38776181
mitoC2	structured	9	structured_mitoC2_draw09	Chr8	6236773	6257083	20310	54	6250516	10.95943273			6249340	3.05396743
mitoC2	structured	9	structured_mitoC2_draw09	Chr8	7249333	7253120	3787	28	7249969	10.71804504			7249470	5.449041
mitoC2	structured	9	structured_mitoC2_draw09	Chr8	8865092	8887154	22062	52	8873518	9.98372116			8870709	2.76882774
mitoC2	structured	9	structured_mitoC2_draw09	Chr9	7102824	7165687	62863	85	7154679	22.91073862			7154679	2.34619345
mitoC2	structured	9	structured_mitoC2_draw09	Chr9	9620262	9630615	10353	84	9622726	17.2268363			9622671	3.58312967
mitoC2	structured	9	structured_mitoC2_draw09	Chr9	3001336	3012730	11394	78	3003539	14.2615631			3004365	3.29095613
mitoC2	structured	9	structured_mitoC2_draw09	Chr9	6168206	6172761	4555	39	6168424	11.9219007			6168316	2.42901632
mitoC2	structured	9	structured_mitoC2_draw09	Chr9	6577526	6584741	7215	48	6579921	11.8618077			6579208	3.52419884
mitoC2	structured	9	structured_mitoC2_draw09	Chr9	9281506	9298816	17310	57	9289865	9.98335537			9281595	3.64978494
mitoC2	structured	9	structured_mitoC2_draw09	Chr9	5954713	5958110	3397	30	5955777	9.96356054			5955386	3.67133303
mitoC2	structured	9	structured_mitoC2_draw09	Chr9	9613868	9619346	5478	38	9614744	8.31954608			9614670	3.18337125
mitoC2	structured	10	structured_mitoC2_draw10	Chr1	16249407	16277881	28474	127	16264020	25.5910522			16263638	4.76753155
mitoC2	structured	10	structured_mitoC2_draw10	Chr1	13007295	13030784	23489	126	13019885	18.34289837			13018738	3.28557116
mitoC2	structured	10	structured_mitoC2_draw10	Chr1	6828068	6845536	17468	75	6831261	16.60821496			6828570	3.33242227
mitoC2	structured	10	structured_mitoC2_draw10	Chr1	13110894	13124878	13984	96	13118313	16.08232942			13113522	3.39078241
mitoC2	structured	10	structured_mitoC2_draw10	Chr1	7172961	7175891	2930	36	7173937	13.70106937			7173879	2.97825954
mitoC2	structured	10	structured_mitoC2_draw10	Chr1	2092292	2095344	3052	38	2093888	8.91901724			2092371	2.52944215
mitoC2	structured	10	structured_mitoC2_draw10	Chr11	4462691	4698438	235747	210	4635140	32.77258821			4626193	3.2001
mitoC2	structured	10	structured_mitoC2_draw10	Chr12	7518958	7530201	11243	69	7521591	18.22151266			7520135	5.63232504
mitoC2	structured	10	structured_mitoC2_draw10	Chr12	7512544	7517640	5096	71	7515921	16.63321002			7516571	3.89185567
mitoC2	structured	10	structured_mitoC2_draw10	Chr12	9354731	9378843	24112	76	9362893	11.5525512			9361077	3.68310303
mitoC2	structured	10	structured_mitoC2_draw10	Chr12	6659872	6665148	5276	30	6663037	9.06935926			6660672	3.00559678
mitoC2	structured	10	structured_mitoC2_draw10	Chr12	7233017	7237375	4358	37	7235194	8.18137437			7234093	3.87535677
mitoC2	structured	10	structured_mitoC2_draw10	Chr13	8846469	8860051	13582	111	8853110	18.43562022			8849281	3.95579164
mitoC2	structured	10	structured_mitoC2_draw10	Chr13	7162830	7175529	12699	74	7169034	13.18959939			7166400	3.70291757
mitoC2	structured	10	structured_mitoC2_draw10	Chr13	2639139	2640372	1233	27	2639959	8.44514347			2639846	2.43440866
mitoC2	structured	10	structured_mitoC2_draw10	Chr14	5751364	5862205	110841	117	5795959	24.09180795			5795959	3.57402268
mitoC2	structured	10	structured_mitoC2_draw10	Chr14	5866535	5874682	8147	34	5871644	10.90666204			5869752	3.39088925
mitoC2	structured	10	structured_mitoC2_draw10	Chr14	5229259	5233853	4594	35	5230752	10.58198326			5229608	3.53384645
mitoC2	structured	10	structured_mitoC2_draw10	Chr14	4417671	4423509	5838	36	4421773	9.44110579			4420976	3.24258525
mitoC2	structured	10	structured_mitoC2_draw10	Chr15	7768339	7810505	42166	109	7780526	19.95414404			7773715	2.50322733
mitoC2	structured	10	structured_mitoC2_draw10	Chr15	6308267	6310885	2618	30	6309066	10.7433613			6309066	4.24692106
mitoC2	structured	10	structured_mitoC2_draw10	Chr15	3328270	3338957	10687	54	3329701	9.97538263			3328992	1.68450345
mitoC2	structured	10	structured_mitoC2_draw10	Chr15	5490935	5493925	2990	31	5491381	9.35204896			5491362	2.60313188
mitoC2	structured	10	structured_mitoC2_draw10	Chr15	10011463	10019955	8492	24	10011843	7.95179089			10011788	3.46064141
mitoC2	structured	10	structured_mitoC2_draw10	Chr16	11424891	11447427	22536	74	11429008	19.97230726			11428764	3.98375564
mitoC2	structured	10	structured_mitoC2_draw10	Chr16	11554229	11568136	13907	58	11560470	11.31240598			11563523	2.97430072
mitoC2	structured	10	structured_mitoC2_draw10	Chr16	6009107	6018017	8910	54	6013678	9.61475016			6013649	3.70144732
mitoC2	structured	10	structured_mitoC2_draw10	Chr17	9743331	9764538	21207	58	9750883	11.63666995			9744762	3.68155704
mitoC2	structured	10	structured_mitoC2_draw10	Chr17	5847351	5859413	12062	30	5851908	10.45084724			5850030	3.30826912
mitoC2	structured	10	structured_mitoC2_draw10	Chr17	5889862	5896273	6411	26	5892537	8.55218111			5890260	2.72877841
mitoC2	structured	10	structured_mitoC2_draw10	Chr18	2800466	2817702	17236	75	2808803	11.70791473			2813018	3.1410193
mitoC2	structured	10	structured_mitoC2_draw10	Chr18	2682024	2688321	6297	47	2682199	10.4487077			2682160	3.76586255
mitoC2	structured	10	structured_mitoC2_draw10	Chr18	8459055	8468218	9163	37	8461135	9.28723815			8460756	2.68121617
mitoC2	structured	10	structured_mitoC2_draw10	Chr19	6158014	6161470	3456	33	6158823	10.37241633			6158436	2.57892288
mitoC2	structured	10	structured_mitoC2_draw10	Chr19	4682507	4687277	4770	28	4682609	9.84159874			4682606	3.18663788
mitoC2	structured	10	structured_mitoC2_draw10	Chr19	4970835	4982059	11224	34	4974881	8.23017875			4972507	2.67967434
mitoC2	structured	10	structured_mitoC2_draw10	Chr2	2896785	2900148	3363	29	2896864	9.60323347			2896827	2.89414018
mitoC2	structured	10	structured_mitoC2_draw10	Chr2	9034513	9095339	60826	35	9063429	9.52729233			9036577	2.46909333
mitoC2	structured	10	structured_mitoC2_draw10	Chr2	13025375	13035893	10518	33	13031891	9.2057965			13030185	2.59067228
mitoC2	structured	10	structured_mitoC2_draw10	Chr2	274032	293331	19299	33	275083	9.15535285			274590	1.80219943
mitoC2	structured	10	structured_mitoC2_draw10	Chr2	9202337	9208754	6417	25	9203474	8.81949966			9203474	2.52504251
mitoC2	structured	10	structured_mitoC2_draw10	Chr2	3511571	3525047	13476	59	3521350	8.70570778			3521334	3.90424248
mitoC2	structured	10	structured_mitoC2_draw10	Chr2	9189106	9198443	9337	40	9191604	8.60215507			9190671	3.11619738
mitoC2	structured	10	structured_mitoC2_draw10	Chr2	11121961	11126552	4591	32	11122954	8.43923042			11121983	2.81713629
mitoC2	structured	10	structured_mitoC2_draw10	Chr20	8121919	8130741	8822	29	8123661	11.89799884			8122061	3.81920503
mitoC2	structured	10	structured_mitoC2_draw10	Chr20	4925305	4953736	28431	92	4949624	11.78453487			4943525	3.10767392
mitoC2	structured	10	structured_mitoC2_draw10	Chr20	7296647	7301972	5325	45	7298198	11.06485224			7297414	2.43929723
mitoC2	structured	10	structured_mitoC2_draw10	Chr20	8530202	8543284	13082	64	8533512	10.82968637			8535440	4.54136713
mitoC2	structured	10	structured_mitoC2_draw10	Chr20	9678809	9694082	15273	43	9683106	10.22960853			9682009	3.90759186
mitoC2	structured	10	structured_mitoC2_draw10	Chr20	8064244	8065825	1581	24	8064259	9.39706642			8064255	4.67614467
mitoC2	structured	10	structured_mitoC2_draw10	Chr21	4677374	4683197	5823	34	4679117	11.85398166			4677821	2.84773873
mitoC2	structured	10	structured_mitoC2_draw10	Chr22	6479371	6533342	53971	254	6509128	33.66904303			6507787	3.55460921
mitoC2	structured	10	structured_mitoC2_draw10	Chr22	3765256	3780961	15705	90	3770927	14.62205052			3770367	2.98929582
mitoC2	structured	10	structured_mitoC2_draw10	Chr22	4245437	4258056	12619	74	4252329	13.91151778			4248438	2.93622666
mitoC2	structured	10	structured_mitoC2_draw10	Chr22	5632146	5634413	2267	36	5632669	12.53182372			5632667	2.61690737
mitoC2	structured	10	structured_mitoC2_draw10	Chr24	2066649	2116703	50054	66	2081639	10.34850576			2069697	3.20459233
mitoC2	structured	10	structured_mitoC2_draw10	Chr24	2021356	2044276	22920	63	2034978	8.6274518			2026146	2.57761167
mitoC2	structured	10	structured_mitoC2_draw10	Chr25	5715784	5757098	41314	97	5722080	21.75716789			5721609	1.80121923
mitoC2	structured	10	structured_mitoC2_draw10	Chr25	10481452	10486515	5063	39	10483013	12.8158747			10482315	2.96191456
mitoC2	structured	10	structured_mitoC2_draw10	Chr25	3631493	3643661	12168	39	3633076	9.6273044			3632670	1.68663928
mitoC2	structured	10	structured_mitoC2_draw10	Chr25	12295758	12304253	8495	31	12298266	8.56581575			12297953	2.59740353
mitoC2	structured	10	structured_mitoC2_draw10	Chr26	9309290	9349066	39776	164	9328516	32.35627159			9310353	3.45722152
mitoC2	structured	10	structured_mitoC2_draw10	Chr26	4450422	4501731	51309	145	4462166	19.18529511			4460257	1.84454642
mitoC2	structured	10	structured_mitoC2_draw10	Chr27	3254276	3258911	4635	31	3256661	10.16910162			3254765	2.74001673
mitoC2	structured	10	structured_mitoC2_draw10	Chr27	4425664	4428916	3252	32	4425866	8.08214538			4425866	3.79120707
mitoC2	structured	10	structured_mitoC2_draw10	Chr3	6986367	7226762	240395	617	7075592	63.50909041			7047569	2.21596099
mitoC2	structured	10	structured_mitoC2_draw10	Chr3	3774682	3848139	73457	197	3801215	41.87106724			3782193	3.43923344
mitoC2	structured	10	structured_mitoC2_draw10	Chr3	6193602	6270898	77296	212	6242178	17.74564079			6247662	2.55289826
mitoC2	structured	10	structured_mitoC2_draw10	Chr3	6753134	6815817	62683	181	6795542	14.66383985			6761438	1.96751726
mitoC2	structured	10	structured_mitoC2_draw10	Chr3	8364707	8478037	113330	80	8472786	11.15058673			8467392	2.20555201
mitoC2	structured	10	structured_mitoC2_draw10	Chr3	6289722	6326595	36873	94	6315326	10.25561786			6323224	2.28459665
mitoC2	structured	10	structured_mitoC2_draw10	Chr3	10369113	10374461	5348	35	10370723	10.11963324			10370278	3.13078858
mitoC2	structured	10	structured_mitoC2_draw10	Chr3	9456374	9465675	9301	73	9458052	10.06832721			9458052	1.92330673
mitoC2	structured	10	structured_mitoC2_draw10	Chr3	4420144	4427771	7627	35	4421283	9.69666521			4424208	5.09512753
mitoC2	structured	10	structured_mitoC2_draw10	Chr3	1779704	1786744	7040	55	1783451	9.34410476			1782959	2.96444157
mitoC2	structured	10	structured_mitoC2_draw10	Chr4	16325573	16375108	49535	187	16339181	35.60893483			16335006	3.00574981
mitoC2	structured	10	structured_mitoC2_draw10	Chr4	16055839	16096162	40323	123	16068472	17.06051098			16061952	2.61630979
mitoC2	structured	10	structured_mitoC2_draw10	Chr4	721070	821651	100581	357	736205	13.07757074			721855	2.5457292
mitoC2	structured	10	structured_mitoC2_draw10	Chr4	16487461	16530327	42866	78	16519391	11.8427303			16491171	2.46723579
mitoC2	structured	10	structured_mitoC2_draw10	Chr4	9033252	9048962	15710	91	9041221	11.10811168			9044297	4.07317105
mitoC2	structured	10	structured_mitoC2_draw10	Chr4	7804533	7820010	15477	69	7808715	10.26928939			7808698	2.56008509
mitoC2	structured	10	structured_mitoC2_draw10	Chr4	4453294	4456983	3689	28	4453810	8.80958867			4453663	3.00808122
mitoC2	structured	10	structured_mitoC2_draw10	Chr4	12974091	12978842	4751	29	12974683	8.5939098			12974426	3.54055607
mitoC2	structured	10	structured_mitoC2_draw10	Chr4	11187788	11195042	7254	47	11191297	8.59363122			11188310	3.0030394
mitoC2	structured	10	structured_mitoC2_draw10	Chr5	3143727	3172647	28920	66	3148954	15.07577666			3146204	2.09836997
mitoC2	structured	10	structured_mitoC2_draw10	Chr5	7945922	7962183	16261	73	7950614	14.27892815			7956921	3.34471098
mitoC2	structured	10	structured_mitoC2_draw10	Chr5	5557879	5562900	5021	40	5558782	9.26704762			5558278	1.79862663
mitoC2	structured	10	structured_mitoC2_draw10	Chr5	12635831	12641217	5386	32	12637734	8.25012046			12637301	2.7688333
mitoC2	structured	10	structured_mitoC2_draw10	Chr6	8409494	8436191	26697	79	8427040	22.43616775			8410599	3.04070518
mitoC2	structured	10	structured_mitoC2_draw10	Chr6	9664046	9683023	18977	61	9673303	12.23394111			9667579	3.85126844
mitoC2	structured	10	structured_mitoC2_draw10	Chr6	10210170	10215354	5184	32	10214047	9.6724863			10212103	3.34839154
mitoC2	structured	10	structured_mitoC2_draw10	Chr6	5740327	5746017	5690	44	5741246	9.0973375			5742419	2.66092783
mitoC2	structured	10	structured_mitoC2_draw10	Chr6	10106997	10117736	10739	70	10111747	8.78431031			10110589	2.32501309
mitoC2	structured	10	structured_mitoC2_draw10	Chr7	4192195	4861851	669656	281	4267518	34.77048764			4245113	2.71369817
mitoC2	structured	10	structured_mitoC2_draw10	Chr7	11263939	11279013	15074	49	11270392	8.76371819			11263968	2.18847128
mitoC2	structured	10	structured_mitoC2_draw10	Chr7	5615756	5619586	3830	28	5616374	8.49348985			5616242	5.14925417
mitoC2	structured	10	structured_mitoC2_draw10	Chr8	7132884	7146081	13197	73	7136225	19.81722943			7133821	2.59799277
mitoC2	structured	10	structured_mitoC2_draw10	Chr8	7457450	7460774	3324	25	7457570	10.203356			7457512	4.67286254
mitoC2	structured	10	structured_mitoC2_draw10	Chr8	10704691	10713985	9294	37	10705791	9.13266115			10705707	3.71093624
mitoC2	structured	10	structured_mitoC2_draw10	Chr8	8772652	8781037	8385	38	8773213	8.39918294			8772951	3.60396469
mitoC2	structured	10	structured_mitoC2_draw10	Chr9	7158419	7199957	41538	182	7187984	25.26553304			7186716	3.19658408
mitoC2	structured	10	structured_mitoC2_draw10	Chr9	1637765	1645236	7471	154	1640469	23.7144707			1640181	2.24038084
mitoC2	structured	10	structured_mitoC2_draw10	Chr9	4567929	4575206	7277	33	4568658	11.96697439			4568506	2.91122425
mitoC2	structured	10	structured_mitoC2_draw10	Chr9	2856898	2862401	5503	44	2860494	9.06776314			2857388	2.88149919
mitoC2	structured	10	structured_mitoC2_draw10	Chr9	8531187	8537926	6739	44	8534775	9.03103331			8534564	3.75077148
continuous	unstructured	1	unstructured_continuous_draw01	Chr17	5623852	5675353	51501	317	5665339	32.2836946888977	5627860	16.60835805		
continuous	unstructured	1	unstructured_continuous_draw01	Chr17	5608842	5611957	3115	40	5610638	6.676292474	5610471	6.77824861		
continuous	unstructured	1	unstructured_continuous_draw01	Chr26	5164432	5811536	647104	606	5416817	48.0192282144058	5352417	21.92077457		
continuous	unstructured	1	unstructured_continuous_draw01	Chr3	11061293	11107914	46621	81	11098254	19.2248547346203	11097979	11.06300689		
continuous	unstructured	1	unstructured_continuous_draw01	Chr4	16504088	16540262	36174	66	16521471	15.6450197865982	16508726	4.74474512		
continuous	unstructured	1	unstructured_continuous_draw01	Chr5	2515862	2582567	66705	138	2550991	27.2604770530446	2578310	13.98169759		
continuous	unstructured	1	unstructured_continuous_draw01	Chr5	2610531	2714144	103613	31	2625278	9.813082957	2615597	11.28445863		
continuous	unstructured	2	unstructured_continuous_draw02	Chr2	7584515	7595269	10754	56	7587397	15.9694705925627	7590840	5.70857823		
continuous	unstructured	2	unstructured_continuous_draw02	Chr3	972325	974754	2429	22	972449	8.047509464	974144	3.11988525		
continuous	unstructured	2	unstructured_continuous_draw02	Chr6	3818260	3820662	2402	23	3818616	8.81838367111029	3818383	4.63748911		
continuous	unstructured	3	unstructured_continuous_draw03	Chr11	4203572	4216467	12895	109	4210473	8.28711280937443	4208642	6.4206353		
continuous	unstructured	3	unstructured_continuous_draw03	Chr11	4239429	4252721	13292	54	4244506	7.83659205387453	4243774	10.70255182		
continuous	unstructured	3	unstructured_continuous_draw03	Chr11	4235429	4252738	17309	37	4239277	7.46602214330463	4239399	0.93177815		
continuous	unstructured	3	unstructured_continuous_draw03	Chr22	2098610	2229901	131291	324	2160597	90.2804694544118	2176602	20.5739395		
continuous	unstructured	3	unstructured_continuous_draw03	Chr22	1408587	1852461	443874	115	1468608	24.0736175981069	1848838	10.57063273		
continuous	unstructured	3	unstructured_continuous_draw03	Chr24	2006644	2029214	22570	32	2022906	7.08017336257068	2014367	0.06087134		
continuous	unstructured	3	unstructured_continuous_draw03	Chr4	6432589	6438967	6378	36	6434853	7.15702392350407	6438967	7.08610104		
continuous	unstructured	3	unstructured_continuous_draw03	Chr6	10138055	10171532	33477	131	10152122	35.0094183866977	10142394	7.2198184		
continuous	unstructured	4	unstructured_continuous_draw04	Chr2	3052580	3057740	5160	31	3054321	7.417386302	3053318	9.06600514		
continuous	unstructured	4	unstructured_continuous_draw04	Chr24	1328382	1678201	349819	306	1624048	55.1548222608284	1359868	13.51689939		
continuous	unstructured	4	unstructured_continuous_draw04	Chr5	11444971	11451139	6168	33	11446256	11.717348547	11450727	3.32263119		
continuous	unstructured	5	unstructured_continuous_draw05	Chr12	9366491	9373724	7233	20	9366880	6.870179352	9373169	1.15501689		
continuous	unstructured	5	unstructured_continuous_draw05	Chr17	5115383	5134483	19100	74	5120662	19.9058097911023	5126789	10.23783074		
continuous	unstructured	6	unstructured_continuous_draw06	Chr18	3126736	3138477	11741	29	3130633	7.72138802434803	3133951	1.19655953		
continuous	unstructured	6	unstructured_continuous_draw06	Chr3	10848142	10854165	6023	45	10850330	7.73037313365014	10848152	5.58644523		
continuous	unstructured	7	unstructured_continuous_draw07	Chr20	5296621	5300144	3523	23	5297652	9.15154537100953	5298863	-4.88187064		
continuous	unstructured	7	unstructured_continuous_draw07	Chr25	10124594	10126961	2367	24	10125078	6.34908889041821	10125036	11.08128557		
continuous	unstructured	7	unstructured_continuous_draw07	Chr7	9670930	9671690	760	25	9671136	7.67624217290957	9671464	5.49875217		
continuous	unstructured	7	unstructured_continuous_draw07	Chr7	5656095	5659770	3675	24	5656645	7.45597274999817	5656501	3.79340772		
continuous	unstructured	8	unstructured_continuous_draw08	Chr10	8543965	8547934	3969	29	8546040	9.22932126539843	8546876	2.46735282		
continuous	unstructured	8	unstructured_continuous_draw08	Chr13	1701979	2241410	539431	461	2116129	33.8492340580738	1923298	15.06659405		
continuous	unstructured	8	unstructured_continuous_draw08	Chr13	1605535	1650588	45053	71	1643825	8.68646622009981	1607832	9.69505072		
continuous	unstructured	8	unstructured_continuous_draw08	Chr17	9770460	9777246	6786	34	9773514	7.05742838183164	9774826	9.64804471		
continuous	unstructured	8	unstructured_continuous_draw08	Chr20	8627829	8630569	2740	17	8628440	6.35182900139258	8630237	16.21759115		
continuous	unstructured	8	unstructured_continuous_draw08	Chr26	7950649	7953956	3307	25	7950794	8.300811485	7950763	0.49604312		
continuous	unstructured	8	unstructured_continuous_draw08	Chr3	5358019	5369370	11351	45	5359131	14.4332663229613	5359068	14.00319472		
continuous	unstructured	8	unstructured_continuous_draw08	Chr4	12672168	12674857	2689	32	12673201	8.51810949241662	12672786	4.2121068		
continuous	unstructured	9	unstructured_continuous_draw09	Chr1	14854825	14858665	3840	33	14855076	8.31491733025393	14855067	31.70711512		
continuous	unstructured	9	unstructured_continuous_draw09	Chr14	6159523	6161866	2343	18	6159719	6.65198119816553	6161464	-0.65445044		
continuous	unstructured	9	unstructured_continuous_draw09	Chr26	1627291	2163680	536389	860	2097506	50.0617337066558	2032999	22.71166477		
continuous	unstructured	9	unstructured_continuous_draw09	Chr26	3652740	4029061	376321	499	3861650	38.9133530155544	3752582	26.9275175		
continuous	unstructured	9	unstructured_continuous_draw09	Chr26	4320601	4370237	49636	84	4343108	12.5467284024018	4344258	15.20783668		
continuous	unstructured	9	unstructured_continuous_draw09	Chr26	4056780	4072445	15665	44	4067839	7.3461054955797	4072308	6.50479227		
continuous	unstructured	9	unstructured_continuous_draw09	Chr5	2517241	2558829	41588	51	2551675	6.76659126067216	2549961	16.61932797		
continuous	unstructured	10	unstructured_continuous_draw10	Chr1	8116172	8119044	2872	22	8117150	7.11673933109543	8116618	24.73325439		
mitoC2	unstructured	1	unstructured_mitoC2_draw01	Chr1	8051695	8065935	14240	73	8057522	16.86302769			8051885	3.08874128
mitoC2	unstructured	1	unstructured_mitoC2_draw01	Chr1	11928070	11934360	6290	53	11929509	13.3789546			11929401	3.91348703
mitoC2	unstructured	1	unstructured_mitoC2_draw01	Chr1	12517451	12522673	5222	34	12517986	11.37767649			12517595	2.96071925
mitoC2	unstructured	1	unstructured_mitoC2_draw01	Chr10	1959736	1982751	23015	88	1971075	13.35706489			1962430	1.93980362
mitoC2	unstructured	1	unstructured_mitoC2_draw01	Chr10	11672941	11679491	6550	36	11675854	10.18193155			11674198	2.73274256
mitoC2	unstructured	1	unstructured_mitoC2_draw01	Chr11	7108851	7119958	11107	53	7110374	11.84207729			7109719	3.76762095
mitoC2	unstructured	1	unstructured_mitoC2_draw01	Chr11	9918727	9929716	10989	44	9920385	11.68881752			9919389	4.21879578
mitoC2	unstructured	1	unstructured_mitoC2_draw01	Chr11	8966726	8970822	4096	34	8968063	10.02498199			8967531	3.11376677
mitoC2	unstructured	1	unstructured_mitoC2_draw01	Chr12	5264647	5271640	6993	46	5268415	13.02804671			5265283	4.19599998
mitoC2	unstructured	1	unstructured_mitoC2_draw01	Chr13	10248197	10282718	34521	126	10267816	31.04745681			10266312	3.85093203
mitoC2	unstructured	1	unstructured_mitoC2_draw01	Chr13	11054118	11075442	21324	52	11059165	20.64662686			11058078	3.29866697
mitoC2	unstructured	1	unstructured_mitoC2_draw01	Chr13	5522128	5534088	11960	42	5526530	16.6787441			5525665	3.61956899
mitoC2	unstructured	1	unstructured_mitoC2_draw01	Chr13	2959648	2976948	17300	36	2967826	13.24114778			2961828	2.44377582
mitoC2	unstructured	1	unstructured_mitoC2_draw01	Chr13	8331386	8336197	4811	30	8332593	9.03067594			8332477	3.9420872
mitoC2	unstructured	1	unstructured_mitoC2_draw01	Chr14	579886	783845	203959	394	636188	117.79573062			614313	3.28734031
mitoC2	unstructured	1	unstructured_mitoC2_draw01	Chr14	1040427	1200123	159696	579	1153516	80.2583800299999			1148118	3.24617708
mitoC2	unstructured	1	unstructured_mitoC2_draw01	Chr14	5877745	5895670	17925	54	5883661	11.36065864			5891748	3.60649317
mitoC2	unstructured	1	unstructured_mitoC2_draw01	Chr14	978940	995378	16438	73	984858	9.11551882			981689	3.71562554
mitoC2	unstructured	1	unstructured_mitoC2_draw01	Chr15	9069610	9083246	13636	61	9078770	9.04819982			9071202	3.77514653
mitoC2	unstructured	1	unstructured_mitoC2_draw01	Chr17	5367250	5975672	608422	1974	5673423	449.9707907			5644407	3.60140656
mitoC2	unstructured	1	unstructured_mitoC2_draw01	Chr18	6281553	6283367	1814	29	6281948	7.6826966			6281680	3.17827904
mitoC2	unstructured	1	unstructured_mitoC2_draw01	Chr19	3259422	3263107	3685	36	3262083	8.77058054			3261284	2.73641928
mitoC2	unstructured	1	unstructured_mitoC2_draw01	Chr2	6327669	6343713	16044	70	6339348	13.96154604			6339348	3.75705806
mitoC2	unstructured	1	unstructured_mitoC2_draw01	Chr2	15235087	15240438	5351	34	15236708	12.57841283			15235377	2.83076832
mitoC2	unstructured	1	unstructured_mitoC2_draw01	Chr2	12060211	12065236	5025	43	12061473	11.58582849			12060728	3.49404682
mitoC2	unstructured	1	unstructured_mitoC2_draw01	Chr2	15534262	15550797	16535	41	15544502	11.44315609			15542630	2.45758372
mitoC2	unstructured	1	unstructured_mitoC2_draw01	Chr2	8890801	8906420	15619	41	8893038	10.90312037			8891679	2.9964947
mitoC2	unstructured	1	unstructured_mitoC2_draw01	Chr2	3496436	3499352	2916	20	3496743	8.61964131			3496693	3.22799034
mitoC2	unstructured	1	unstructured_mitoC2_draw01	Chr2	3524691	3531766	7075	32	3525318	8.48719524			3525000	2.39165848
mitoC2	unstructured	1	unstructured_mitoC2_draw01	Chr20	9431856	9454320	22464	54	9434417	14.31138211			9432679	5.05927929
mitoC2	unstructured	1	unstructured_mitoC2_draw01	Chr22	3354601	3362817	8216	55	3354865	16.86059307			3354776	3.26755187
mitoC2	unstructured	1	unstructured_mitoC2_draw01	Chr22	6003283	6008419	5136	40	6006372	9.98538269			6003384	5.95838894
mitoC2	unstructured	1	unstructured_mitoC2_draw01	Chr24	2002276	2129570	127294	286	2066708	58.11778299			2012581	3.94652923
mitoC2	unstructured	1	unstructured_mitoC2_draw01	Chr24	3341544	3348887	7343	41	3343429	11.92755459			3341904	2.21528231
mitoC2	unstructured	1	unstructured_mitoC2_draw01	Chr24	4258962	4261415	2453	21	4259088	8.4412964			4259088	4.07372836
mitoC2	unstructured	1	unstructured_mitoC2_draw01	Chr25	10766182	10771869	5687	33	10767245	12.02227992			10767155	2.60981807
mitoC2	unstructured	1	unstructured_mitoC2_draw01	Chr25	11541533	11545391	3858	44	11541882	10.20741223			11541626	1.81112394
mitoC2	unstructured	1	unstructured_mitoC2_draw01	Chr25	10037594	10050164	12570	39	10046250	9.72438452			10040008	2.69340206
mitoC2	unstructured	1	unstructured_mitoC2_draw01	Chr26	4941628	6903302	1961674	1883	5718557	268.698849			6661232	3.21854588
mitoC2	unstructured	1	unstructured_mitoC2_draw01	Chr3	11061293	11112418	51125	93	11099380	21.97864606			11063134	2.68836074
mitoC2	unstructured	1	unstructured_mitoC2_draw01	Chr3	9668072	9683766	15694	92	9670385	17.20443863			9673568	3.92301794
mitoC2	unstructured	1	unstructured_mitoC2_draw01	Chr3	2516427	2526325	9898	48	2517528	10.69938005			2517314	2.28476468
mitoC2	unstructured	1	unstructured_mitoC2_draw01	Chr3	11996380	12004676	8296	47	12000048	9.53070209			11998446	2.63593596
mitoC2	unstructured	1	unstructured_mitoC2_draw01	Chr3	14682918	14688881	5963	34	14684731	8.98957644			14684731	2.9203253
mitoC2	unstructured	1	unstructured_mitoC2_draw01	Chr3	4575411	4579512	4101	32	4577271	8.68192264			4576398	3.43698284
mitoC2	unstructured	1	unstructured_mitoC2_draw01	Chr3	4238161	4242219	4058	43	4239479	8.60274085			4239479	2.34137392
mitoC2	unstructured	1	unstructured_mitoC2_draw01	Chr4	7634323	7687654	53331	167	7661804	24.7234706			7680201	3.07212403
mitoC2	unstructured	1	unstructured_mitoC2_draw01	Chr4	12656494	12673847	17353	76	12665547	16.98938635			12665530	2.67193899
mitoC2	unstructured	1	unstructured_mitoC2_draw01	Chr4	16006624	16021433	14809	30	16014577	11.58944958			16007369	3.4891663
mitoC2	unstructured	1	unstructured_mitoC2_draw01	Chr4	15004719	15020574	15855	49	15006012	11.15333247			15005665	3.11346034
mitoC2	unstructured	1	unstructured_mitoC2_draw01	Chr4	10349278	10353373	4095	24	10349675	10.1572197			10349637	3.6606855
mitoC2	unstructured	1	unstructured_mitoC2_draw01	Chr4	9087377	9096650	9273	55	9093576	9.76535066			9088879	3.06245781
mitoC2	unstructured	1	unstructured_mitoC2_draw01	Chr4	7167274	7169477	2203	31	7167402	8.63490741			7167378	2.7592434
mitoC2	unstructured	1	unstructured_mitoC2_draw01	Chr4	15764404	15771205	6801	18	15764592	8.43133403			15764484	2.5855005
mitoC2	unstructured	1	unstructured_mitoC2_draw01	Chr4	16038204	16045011	6807	22	16039448	8.30726485			16039096	3.51825769
mitoC2	unstructured	1	unstructured_mitoC2_draw01	Chr5	9978576	9983764	5188	40	9979739	14.58300825			9978768	3.81762078
mitoC2	unstructured	1	unstructured_mitoC2_draw01	Chr5	2515862	2562625	46763	71	2550991	9.5555166			2549285	1.7360406
mitoC2	unstructured	1	unstructured_mitoC2_draw01	Chr5	9930077	9934518	4441	29	9930346	8.80811399			9930138	3.0312737
mitoC2	unstructured	1	unstructured_mitoC2_draw01	Chr5	2609889	2721097	111208	37	2625278	8.5838633			2625278	2.20920081
mitoC2	unstructured	1	unstructured_mitoC2_draw01	Chr6	4286609	4315265	28656	80	4300049	13.84282765			4286697	3.99449331
mitoC2	unstructured	1	unstructured_mitoC2_draw01	Chr7	5852018	5856981	4963	45	5853995	11.8292462			5852081	2.90044374
mitoC2	unstructured	1	unstructured_mitoC2_draw01	Chr7	9115861	9125641	9780	77	9120263	11.56931197			9118874	2.75407087
mitoC2	unstructured	1	unstructured_mitoC2_draw01	Chr7	13046384	13055396	9012	54	13048483	11.42568168			13046956	3.28287575
mitoC2	unstructured	1	unstructured_mitoC2_draw01	Chr7	6587676	6592018	4342	34	6588447	10.81755422			6588369	3.09571441
mitoC2	unstructured	1	unstructured_mitoC2_draw01	Chr7	11461271	11467071	5800	32	11461426	10.4178446			11461307	4.53660996
mitoC2	unstructured	1	unstructured_mitoC2_draw01	Chr7	7838289	7840930	2641	26	7838507	10.37516827			7838350	2.48022337
mitoC2	unstructured	1	unstructured_mitoC2_draw01	Chr8	11558903	11567630	8727	34	11561457	10.78913161			11561255	3.56629805
mitoC2	unstructured	1	unstructured_mitoC2_draw01	Chr8	9819924	9850809	30885	41	9835265	9.72804471			9820808	2.65901048
mitoC2	unstructured	1	unstructured_mitoC2_draw01	Chr9	6870430	6885665	15235	29	6872734	9.49308598			6870461	3.94132897
mitoC2	unstructured	1	unstructured_mitoC2_draw01	Chr9	7941621	7945495	3874	24	7941881	9.26759473			7941881	2.80678938
mitoC2	unstructured	1	unstructured_mitoC2_draw01	Chr9	2738460	2743236	4776	26	2740164	8.7822221			2739892	3.16606694
mitoC2	unstructured	1	unstructured_mitoC2_draw01	Chr9	9770345	9772784	2439	32	9771331	8.74788867			9770395	3.30996398
mitoC2	unstructured	1	unstructured_mitoC2_draw01	Chr9	9302840	9321302	18462	42	9312935	8.74604995			9311168	4.26505209
mitoC2	unstructured	1	unstructured_mitoC2_draw01	Chr9	7378062	7380795	2733	28	7378803	8.53893339			7378564	3.70631168
mitoC2	unstructured	2	unstructured_mitoC2_draw02	Chr1	14512302	14515495	3193	36	14514161	10.12510848			14512389	3.2958578
mitoC2	unstructured	2	unstructured_mitoC2_draw02	Chr1	6354832	6376912	22080	38	6371802	8.39554748			6355048	3.16276465
mitoC2	unstructured	2	unstructured_mitoC2_draw02	Chr10	7407650	7826184	418534	646	7779292	33.19887524			7535182	2.18305772
mitoC2	unstructured	2	unstructured_mitoC2_draw02	Chr10	2497965	2606822	108857	83	2527674	13.59581033			2524560	2.42835792
mitoC2	unstructured	2	unstructured_mitoC2_draw02	Chr10	11646733	11656108	9375	79	11653405	13.14053121			11648858	3.22312736
mitoC2	unstructured	2	unstructured_mitoC2_draw02	Chr10	10717827	10728391	10564	32	10724639	11.93056646			10723079	3.31994632
mitoC2	unstructured	2	unstructured_mitoC2_draw02	Chr10	9678643	9681254	2611	35	9678983	9.65542225			9678884	1.87132974
mitoC2	unstructured	2	unstructured_mitoC2_draw02	Chr10	11622139	11638989	16850	63	11625975	9.17002041			11629970	2.958673
mitoC2	unstructured	2	unstructured_mitoC2_draw02	Chr11	6243717	6258869	15152	63	6249494	12.71997567			6248625	3.78541792
mitoC2	unstructured	2	unstructured_mitoC2_draw02	Chr11	9928113	9935635	7522	26	9929297	10.55347988			9928931	3.98462534
mitoC2	unstructured	2	unstructured_mitoC2_draw02	Chr11	10020434	10026114	5680	28	10022656	9.48367791			10020719	2.84053495
mitoC2	unstructured	2	unstructured_mitoC2_draw02	Chr12	7910707	7922263	11556	52	7911800	12.90968063			7911023	3.31175084
mitoC2	unstructured	2	unstructured_mitoC2_draw02	Chr12	3779232	3785811	6579	34	3781265	12.47319127			3781212	3.46672904
mitoC2	unstructured	2	unstructured_mitoC2_draw02	Chr12	9840105	9846601	6496	43	9842883	12.33883704			9842457	2.27395537
mitoC2	unstructured	2	unstructured_mitoC2_draw02	Chr12	7535948	7545740	9792	53	7540321	10.81898661			7536652	2.95561712
mitoC2	unstructured	2	unstructured_mitoC2_draw02	Chr12	9339820	9342429	2609	20	9340327	9.26734464			9340088	3.24326198
mitoC2	unstructured	2	unstructured_mitoC2_draw02	Chr12	6845548	6849364	3816	30	6847408	8.38971863			6847408	2.80221211
mitoC2	unstructured	2	unstructured_mitoC2_draw02	Chr13	2513917	2528105	14188	75	2522708	14.52045928			2522027	3.90298313
mitoC2	unstructured	2	unstructured_mitoC2_draw02	Chr13	4732494	4741034	8540	58	4738606	11.7778898			4734760	3.49220845
mitoC2	unstructured	2	unstructured_mitoC2_draw02	Chr13	3506953	3516557	9604	42	3509328	11.52317753			3509314	3.90783786
mitoC2	unstructured	2	unstructured_mitoC2_draw02	Chr13	4035045	4038848	3803	20	4036027	9.95177056			4036005	3.3430953
mitoC2	unstructured	2	unstructured_mitoC2_draw02	Chr13	2488762	2492505	3743	50	2490903	8.45023939			2488948	2.9719526
mitoC2	unstructured	2	unstructured_mitoC2_draw02	Chr14	4572841	4593114	20273	52	4577204	12.29600049			4577204	2.33173017
mitoC2	unstructured	2	unstructured_mitoC2_draw02	Chr14	6884416	6889324	4908	31	6884590	11.51453807			6884590	4.0042644
mitoC2	unstructured	2	unstructured_mitoC2_draw02	Chr14	5629537	5635703	6166	35	5631178	11.12361338			5630654	3.17239663
mitoC2	unstructured	2	unstructured_mitoC2_draw02	Chr14	4249055	4258457	9402	35	4251922	10.30651809			4251380	2.90899026
mitoC2	unstructured	2	unstructured_mitoC2_draw02	Chr14	2132474	2137029	4555	26	2132766	8.94244088			2132706	2.30651884
mitoC2	unstructured	2	unstructured_mitoC2_draw02	Chr14	5178849	5185992	7143	41	5181761	8.51245818			5179014	2.86883814
mitoC2	unstructured	2	unstructured_mitoC2_draw02	Chr15	10532089	10538859	6770	37	10532913	11.3251601			10532521	3.68865237
mitoC2	unstructured	2	unstructured_mitoC2_draw02	Chr15	7111656	7132982	21326	57	7126553	9.98998534			7126370	2.73101077
mitoC2	unstructured	2	unstructured_mitoC2_draw02	Chr15	9185625	9197349	11724	79	9191946	9.10188826			9189657	3.19104609
mitoC2	unstructured	2	unstructured_mitoC2_draw02	Chr16	9216446	9233019	16573	120	9223181	26.05934225			9222471	4.19088084
mitoC2	unstructured	2	unstructured_mitoC2_draw02	Chr16	7646807	7649850	3043	36	7647312	10.07484369			7647178	3.99114622
mitoC2	unstructured	2	unstructured_mitoC2_draw02	Chr17	7326860	7331679	4819	52	7328194	13.14878804			7327016	2.9600745
mitoC2	unstructured	2	unstructured_mitoC2_draw02	Chr17	8737837	8746084	8247	50	8742508	10.07844441			8738021	3.03892697
mitoC2	unstructured	2	unstructured_mitoC2_draw02	Chr17	5299074	5308918	9844	47	5305697	8.99102309			5303687	1.86590027
mitoC2	unstructured	2	unstructured_mitoC2_draw02	Chr17	9043414	9046219	2805	37	9044390	8.89791859			9044088	4.29932057
mitoC2	unstructured	2	unstructured_mitoC2_draw02	Chr17	5525692	5601431	75739	72	5558201	8.67113691			5558191	1.90472839
mitoC2	unstructured	2	unstructured_mitoC2_draw02	Chr18	2800466	2812995	12529	62	2808637	12.45564175			2806155	2.35218103
mitoC2	unstructured	2	unstructured_mitoC2_draw02	Chr19	3777521	3786030	8509	55	3779084	9.76982188			3777577	3.19119133
mitoC2	unstructured	2	unstructured_mitoC2_draw02	Chr19	4390631	4395214	4583	28	4391263	8.49358678			4391201	3.3908175
mitoC2	unstructured	2	unstructured_mitoC2_draw02	Chr2	3470625	3498728	28103	145	3483173	20.91113005			3479722	4.08285112
mitoC2	unstructured	2	unstructured_mitoC2_draw02	Chr2	15882842	15887275	4433	39	15883411	13.90011554			15883411	3.78949301
mitoC2	unstructured	2	unstructured_mitoC2_draw02	Chr2	14120848	14127822	6974	56	14125424	11.97197271			14125167	3.25766667
mitoC2	unstructured	2	unstructured_mitoC2_draw02	Chr2	6569804	6572548	2744	28	6570095	11.84430028			6570012	2.97490563
mitoC2	unstructured	2	unstructured_mitoC2_draw02	Chr2	13275774	13286504	10730	65	13279300	11.83222954			13277168	2.81657413
mitoC2	unstructured	2	unstructured_mitoC2_draw02	Chr2	13310747	13313787	3040	37	13310892	11.46751511			13310834	2.87850196
mitoC2	unstructured	2	unstructured_mitoC2_draw02	Chr2	7584001	7596291	12290	59	7586513	10.73199438			7594788	3.73452709
mitoC2	unstructured	2	unstructured_mitoC2_draw02	Chr2	12012015	12016386	4371	20	12013778	8.88359266			12013356	4.32808795
mitoC2	unstructured	2	unstructured_mitoC2_draw02	Chr20	5278921	5281705	2784	25	5279894	10.63388396			5279035	2.87714805
mitoC2	unstructured	2	unstructured_mitoC2_draw02	Chr20	7316999	7323021	6022	39	7318276	9.21126962			7317431	3.9401601
mitoC2	unstructured	2	unstructured_mitoC2_draw02	Chr20	6042515	6061608	19093	44	6051691	8.60730891			6042620	2.1740524
mitoC2	unstructured	2	unstructured_mitoC2_draw02	Chr21	10212879	10304686	91807	173	10282615	22.48005279			10237794	2.41958194
mitoC2	unstructured	2	unstructured_mitoC2_draw02	Chr21	7361154	7371028	9874	53	7364836	13.87828627			7363645	4.4506149
mitoC2	unstructured	2	unstructured_mitoC2_draw02	Chr21	6532513	6537222	4709	40	6533523	13.31204954			6533495	3.20288268
mitoC2	unstructured	2	unstructured_mitoC2_draw02	Chr21	7008733	7020571	11838	63	7017388	7.96257284			7009987	3.2442108
mitoC2	unstructured	2	unstructured_mitoC2_draw02	Chr22	2995399	3019395	23996	90	3008509	14.45936554			3004741	3.7028942
mitoC2	unstructured	2	unstructured_mitoC2_draw02	Chr24	3645472	3663973	18501	106	3649464	35.20393948			3649251	3.09910475
mitoC2	unstructured	2	unstructured_mitoC2_draw02	Chr24	2034978	2081949	46971	87	2052793	16.42459214			2045394	2.19162816
mitoC2	unstructured	2	unstructured_mitoC2_draw02	Chr24	1916861	1927818	10957	48	1918516	9.86707531			1917882	3.24389246
mitoC2	unstructured	2	unstructured_mitoC2_draw02	Chr24	2394269	2399268	4999	31	2395159	8.22938199			2394369	3.9479403
mitoC2	unstructured	2	unstructured_mitoC2_draw02	Chr25	10172410	10179249	6839	41	10172652	18.94477175			10172652	3.99207703
mitoC2	unstructured	2	unstructured_mitoC2_draw02	Chr26	6996704	7045111	48407	138	7032825	9.43095028			7019250	1.35757035
mitoC2	unstructured	2	unstructured_mitoC2_draw02	Chr27	5623276	5624982	1706	27	5624098	9.67923014			5623296	2.96636495
mitoC2	unstructured	2	unstructured_mitoC2_draw02	Chr27	6848124	6859822	11698	47	6852922	8.08926858			6857009	2.83014221
mitoC2	unstructured	2	unstructured_mitoC2_draw02	Chr3	12543089	12547073	3984	26	12543792	9.80439046			12543249	3.09044958
mitoC2	unstructured	2	unstructured_mitoC2_draw02	Chr3	3934291	3943268	8977	50	3937471	9.62532451			3934977	2.13022363
mitoC2	unstructured	2	unstructured_mitoC2_draw02	Chr3	3465293	3469905	4612	23	3466127	8.32275243			3466070	2.92336433
mitoC2	unstructured	2	unstructured_mitoC2_draw02	Chr4	4805189	4814040	8851	42	4805803	14.37531683			4805371	2.8691674
mitoC2	unstructured	2	unstructured_mitoC2_draw02	Chr4	15243339	15256655	13316	51	15244102	11.77405245			15243554	3.31682463
mitoC2	unstructured	2	unstructured_mitoC2_draw02	Chr4	8672482	8679837	7355	29	8673750	11.61366352			8673587	3.20966413
mitoC2	unstructured	2	unstructured_mitoC2_draw02	Chr4	15687129	15708285	21156	53	15692914	10.34938244			15691162	3.14914799
mitoC2	unstructured	2	unstructured_mitoC2_draw02	Chr4	13631726	13637087	5361	21	13632382	10.00516775			13632294	4.29226458
mitoC2	unstructured	2	unstructured_mitoC2_draw02	Chr4	9567071	9577664	10593	64	9573731	9.82125263			9573417	4.30012566
mitoC2	unstructured	2	unstructured_mitoC2_draw02	Chr4	7059253	7063284	4031	35	7059910	9.61849921			7059845	3.74748534
mitoC2	unstructured	2	unstructured_mitoC2_draw02	Chr4	6850357	6854294	3937	42	6851098	9.32055705			6851098	3.53617544
mitoC2	unstructured	2	unstructured_mitoC2_draw02	Chr4	7687284	7694360	7076	31	7687654	9.21975225			7687313	3.95607627
mitoC2	unstructured	2	unstructured_mitoC2_draw02	Chr5	6322368	6333668	11300	50	6325619	16.84089435			6325520	5.1075826
mitoC2	unstructured	2	unstructured_mitoC2_draw02	Chr5	13627047	13634301	7254	46	13630019	11.56129685			13628761	3.09173422
mitoC2	unstructured	2	unstructured_mitoC2_draw02	Chr5	10933036	10938282	5246	42	10935918	9.68419724			10934910	3.09708279
mitoC2	unstructured	2	unstructured_mitoC2_draw02	Chr6	1978556	2166181	187625	436	2027606	93.01799643			2134373	3.1590926
mitoC2	unstructured	2	unstructured_mitoC2_draw02	Chr6	1571642	1706955	135313	455	1616499	25.02761388			1699484	3.30104186
mitoC2	unstructured	2	unstructured_mitoC2_draw02	Chr6	3173302	3182299	8997	58	3176596	14.57145874			3173426	4.77401337
mitoC2	unstructured	2	unstructured_mitoC2_draw02	Chr6	636415	665327	28912	127	656609	10.97880128			640477	3.03080193
mitoC2	unstructured	2	unstructured_mitoC2_draw02	Chr6	1339877	1358444	18567	84	1351354	10.15400311			1339901	2.98901309
mitoC2	unstructured	2	unstructured_mitoC2_draw02	Chr6	3375675	3378603	2928	31	3376199	9.95390965			3376187	2.73015442
mitoC2	unstructured	2	unstructured_mitoC2_draw02	Chr6	3898733	3902457	3724	24	3899027	9.44393154			3899027	3.02805966
mitoC2	unstructured	2	unstructured_mitoC2_draw02	Chr6	5163726	5166051	2325	24	5164385	8.57587689			5164385	2.09407321
mitoC2	unstructured	2	unstructured_mitoC2_draw02	Chr7	10606235	10656683	50448	179	10629106	51.18662969			10609004	4.2460324
mitoC2	unstructured	2	unstructured_mitoC2_draw02	Chr7	1647554	1937465	289911	514	1695145	22.13828217			1658990	2.45876372
mitoC2	unstructured	2	unstructured_mitoC2_draw02	Chr7	2168095	2223955	55860	185	2223499	9.21496323			2217745	1.67280198
mitoC2	unstructured	2	unstructured_mitoC2_draw02	Chr7	7416323	7419844	3521	38	7418789	9.15479652			7416380	4.5772898
mitoC2	unstructured	2	unstructured_mitoC2_draw02	Chr7	12912509	12918343	5834	29	12913560	9.12808814			12913139	3.23786735
mitoC2	unstructured	2	unstructured_mitoC2_draw02	Chr8	5795730	5890351	94621	519	5834017	160.47715254			5823438	3.56575438
mitoC2	unstructured	2	unstructured_mitoC2_draw02	Chr8	5672263	5715962	43699	86	5703851	10.90710416			5673482	2.81614607
mitoC2	unstructured	2	unstructured_mitoC2_draw02	Chr9	7937421	7945048	7627	47	7941498	13.29262284			7940327	3.20667692
mitoC2	unstructured	2	unstructured_mitoC2_draw02	Chr9	7799961	7805497	5536	30	7802442	8.34240398			7801855	3.40136687
mitoC2	unstructured	3	unstructured_mitoC2_draw03	Chr1	7302318	7343377	41059	245	7326181	32.22594017			7324405	4.688907
mitoC2	unstructured	3	unstructured_mitoC2_draw03	Chr1	10625726	10635619	9893	69	10626965	13.5552778			10630331	4.06808362
mitoC2	unstructured	3	unstructured_mitoC2_draw03	Chr1	10029211	10033318	4107	49	10031144	12.72881699			10030596	5.18801477
mitoC2	unstructured	3	unstructured_mitoC2_draw03	Chr1	11202930	11210601	7671	38	11206627	11.02679008			11203076	2.80969201
mitoC2	unstructured	3	unstructured_mitoC2_draw03	Chr1	14557230	14562772	5542	40	14560210	9.78949413			14560210	4.00750733
mitoC2	unstructured	3	unstructured_mitoC2_draw03	Chr1	11449946	11457647	7701	48	11452362	9.49012377			11450372	3.98337933
mitoC2	unstructured	3	unstructured_mitoC2_draw03	Chr1	10785984	10793601	7617	42	10790033	9.45688817			10786590	3.14426157
mitoC2	unstructured	3	unstructured_mitoC2_draw03	Chr1	306745	312428	5683	28	308222	8.51417305			308011	3.99646208
mitoC2	unstructured	3	unstructured_mitoC2_draw03	Chr1	16171229	16189029	17800	51	16179878	8.50666149			16172289	2.82508261
mitoC2	unstructured	3	unstructured_mitoC2_draw03	Chr10	12319618	12332449	12831	58	12328024	9.9263838			12321166	2.96596043
mitoC2	unstructured	3	unstructured_mitoC2_draw03	Chr10	10798885	10813693	14808	36	10808952	8.71779338			10804558	2.52197596
mitoC2	unstructured	3	unstructured_mitoC2_draw03	Chr11	5149253	5166517	17264	79	5163894	13.86500936			5154646	3.44020378
mitoC2	unstructured	3	unstructured_mitoC2_draw03	Chr11	8184089	8192754	8665	25	8185755	12.28852559			8184216	4.15446928
mitoC2	unstructured	3	unstructured_mitoC2_draw03	Chr11	9063217	9068709	5492	43	9064388	11.66966546			9063553	3.77838186
mitoC2	unstructured	3	unstructured_mitoC2_draw03	Chr11	10964511	10967364	2853	35	10965631	10.53848803			10965284	2.11593478
mitoC2	unstructured	3	unstructured_mitoC2_draw03	Chr12	9649403	9657881	8478	47	9654317	14.04282213			9650108	4.46546489
mitoC2	unstructured	3	unstructured_mitoC2_draw03	Chr12	7538915	7560815	21900	71	7546671	13.62539114			7541340	2.8373427
mitoC2	unstructured	3	unstructured_mitoC2_draw03	Chr12	5221817	5230108	8291	55	5225785	11.75070772			5225087	3.69608891
mitoC2	unstructured	3	unstructured_mitoC2_draw03	Chr12	4187086	4219025	31939	59	4194736	8.83352627			4207333	2.65383204
mitoC2	unstructured	3	unstructured_mitoC2_draw03	Chr12	10491314	10495428	4114	33	10491962	8.28153633			10491898	3.02440173
mitoC2	unstructured	3	unstructured_mitoC2_draw03	Chr13	10408385	10419208	10823	73	10410081	12.70450512			10408697	2.97266444
mitoC2	unstructured	3	unstructured_mitoC2_draw03	Chr14	985792	1226393	240601	918	1106588	195.63978066			1200123	5.27270518
mitoC2	unstructured	3	unstructured_mitoC2_draw03	Chr14	402984	592308	189324	539	530133	53.85707307			513719	3.00232657
mitoC2	unstructured	3	unstructured_mitoC2_draw03	Chr14	855077	903742	48665	102	886462	26.19428172			855356	3.29906184
mitoC2	unstructured	3	unstructured_mitoC2_draw03	Chr14	360742	401464	40722	108	398933	20.30103285			372878	1.91406276
mitoC2	unstructured	3	unstructured_mitoC2_draw03	Chr14	656938	826942	170004	217	708676	14.74267241			817388	2.25997577
mitoC2	unstructured	3	unstructured_mitoC2_draw03	Chr14	4800562	4809116	8554	55	4801757	13.30567952			4801469	2.45176186
mitoC2	unstructured	3	unstructured_mitoC2_draw03	Chr14	1899331	1907152	7821	49	1902059	13.27625995			1901696	4.28298517
mitoC2	unstructured	3	unstructured_mitoC2_draw03	Chr14	2864436	2868357	3921	31	2865082	9.09214587			2864771	3.04022597
mitoC2	unstructured	3	unstructured_mitoC2_draw03	Chr15	3766051	3867759	101708	201	3852650	28.24065989			3858401	2.46012508
mitoC2	unstructured	3	unstructured_mitoC2_draw03	Chr15	7765683	7824717	59034	153	7793072	27.28257009			7767905	2.64684502
mitoC2	unstructured	3	unstructured_mitoC2_draw03	Chr15	10663084	10682278	19194	101	10667827	10.5551585			10677717	3.61135149
mitoC2	unstructured	3	unstructured_mitoC2_draw03	Chr16	6764939	6900728	135789	345	6822484	56.60854709			6770504	3.35380098
mitoC2	unstructured	3	unstructured_mitoC2_draw03	Chr16	6410731	6425317	14586	93	6416263	15.81482248			6413279	2.39046501
mitoC2	unstructured	3	unstructured_mitoC2_draw03	Chr16	6251277	6261826	10549	66	6254548	9.44074664			6251847	1.83305728
mitoC2	unstructured	3	unstructured_mitoC2_draw03	Chr17	6234433	6251353	16920	26	6239515	10.87934856			6237562	3.48471269
mitoC2	unstructured	3	unstructured_mitoC2_draw03	Chr18	2802836	2814272	11436	57	2808637	11.44893368			2808637	2.40472472
mitoC2	unstructured	3	unstructured_mitoC2_draw03	Chr18	2683347	2690641	7294	56	2687104	10.36363969			2684823	3.74737897
mitoC2	unstructured	3	unstructured_mitoC2_draw03	Chr18	7265405	7297929	32524	80	7281981	9.31452517			7275365	2.82839762
mitoC2	unstructured	3	unstructured_mitoC2_draw03	Chr19	7227752	7292160	64408	109	7291938	11.83448706			7239023	2.63425657
mitoC2	unstructured	3	unstructured_mitoC2_draw03	Chr19	4307390	4312751	5361	40	4308004	8.76722378			4307920	2.38796626
mitoC2	unstructured	3	unstructured_mitoC2_draw03	Chr2	10071071	10161792	90721	336	10141739	43.61717279			10105089	3.73841086
mitoC2	unstructured	3	unstructured_mitoC2_draw03	Chr2	13836553	13874859	38306	113	13849741	35.08081977			13837218	3.50416461
mitoC2	unstructured	3	unstructured_mitoC2_draw03	Chr2	13966482	13970559	4077	34	13968206	11.07029158			13968206	4.41526417
mitoC2	unstructured	3	unstructured_mitoC2_draw03	Chr2	12060935	12065249	4314	34	12061413	10.79231314			12061121	3.10662014
mitoC2	unstructured	3	unstructured_mitoC2_draw03	Chr2	9189106	9197289	8183	34	9191604	9.39788303			9191604	3.56281346
mitoC2	unstructured	3	unstructured_mitoC2_draw03	Chr2	6245266	6249541	4275	30	6246141	9.10285458			6246091	3.82811242
mitoC2	unstructured	3	unstructured_mitoC2_draw03	Chr20	4925305	4946928	21623	45	4937245	10.66154628			4933575	2.60053635
mitoC2	unstructured	3	unstructured_mitoC2_draw03	Chr20	7754223	7764051	9828	42	7759893	8.87462281			7755231	2.83628492
mitoC2	unstructured	3	unstructured_mitoC2_draw03	Chr21	9929420	9931191	1771	24	9929527	8.25796359			9929433	2.57184778
mitoC2	unstructured	3	unstructured_mitoC2_draw03	Chr21	4699101	4703578	4477	29	4700612	8.20122753			4699342	4.1497046
mitoC2	unstructured	3	unstructured_mitoC2_draw03	Chr22	2098610	2249832	151222	419	2192658	141.93086913			2143847	3.29586787
mitoC2	unstructured	3	unstructured_mitoC2_draw03	Chr22	1408587	1854551	445964	133	1468608	34.5661649			1472724	3.00938751
mitoC2	unstructured	3	unstructured_mitoC2_draw03	Chr22	4507098	4512697	5599	42	4508961	10.65161048			4507610	3.41457363
mitoC2	unstructured	3	unstructured_mitoC2_draw03	Chr22	6268542	6274556	6014	32	6268857	8.65393626			6268787	4.14921468
mitoC2	unstructured	3	unstructured_mitoC2_draw03	Chr24	3996141	3998546	2405	21	3996452	8.43716442			3996296	2.94200667
mitoC2	unstructured	3	unstructured_mitoC2_draw03	Chr24	3152507	3161491	8984	47	3156023	7.80043511			3152578	2.77316059
mitoC2	unstructured	3	unstructured_mitoC2_draw03	Chr25	10489298	10500193	10895	63	10496528	11.29802123			10496112	5.18805079
mitoC2	unstructured	3	unstructured_mitoC2_draw03	Chr25	10420457	10444759	24302	109	10440710	10.35241038			10439627	3.40918213
mitoC2	unstructured	3	unstructured_mitoC2_draw03	Chr25	10393521	10398037	4516	29	10394602	9.19766627			10394505	2.82612304
mitoC2	unstructured	3	unstructured_mitoC2_draw03	Chr26	4462479	4732177	269698	448	4622106	68.67151973			4472640	2.99026531
mitoC2	unstructured	3	unstructured_mitoC2_draw03	Chr26	7397878	7503988	106110	192	7486900	46.27996088			7484791	2.66912892
mitoC2	unstructured	3	unstructured_mitoC2_draw03	Chr26	4343528	4460539	117011	248	4449507	45.9807457			4354943	3.09270194
mitoC2	unstructured	3	unstructured_mitoC2_draw03	Chr27	3721803	3728656	6853	40	3723420	14.76513989			3722885	3.96188908
mitoC2	unstructured	3	unstructured_mitoC2_draw03	Chr27	5666740	5681683	14943	50	5671615	10.50315157			5670495	2.62604955
mitoC2	unstructured	3	unstructured_mitoC2_draw03	Chr27	4880105	4891096	10991	40	4885263	10.15971073			4884908	3.12767942
mitoC2	unstructured	3	unstructured_mitoC2_draw03	Chr27	3273680	3278264	4584	29	3276033	8.65450601			3276033	3.42696028
mitoC2	unstructured	3	unstructured_mitoC2_draw03	Chr3	9942274	9960558	18284	108	9944164	22.9719703			9955277	2.98876049
mitoC2	unstructured	3	unstructured_mitoC2_draw03	Chr3	3771684	3789961	18277	80	3782193	22.90433001			3774504	3.04510978
mitoC2	unstructured	3	unstructured_mitoC2_draw03	Chr3	13958213	13980229	22016	68	13964781	18.15498484			13958304	5.14315189
mitoC2	unstructured	3	unstructured_mitoC2_draw03	Chr3	10547551	10557839	10288	66	10553425	15.00227485			10547898	2.39904303
mitoC2	unstructured	3	unstructured_mitoC2_draw03	Chr3	13486648	13546356	59708	115	13541287	14.47433371			13541283	3.73720271
mitoC2	unstructured	3	unstructured_mitoC2_draw03	Chr3	4811461	4820173	8712	42	4813836	12.55517515			4813235	5.3716302
mitoC2	unstructured	3	unstructured_mitoC2_draw03	Chr3	2489684	2497821	8137	48	2492107	11.89085084			2491223	4.50454857
mitoC2	unstructured	3	unstructured_mitoC2_draw03	Chr3	14618231	14630521	12290	34	14626718	9.8215536			14618583	3.527052
mitoC2	unstructured	3	unstructured_mitoC2_draw03	Chr3	15363111	15366792	3681	22	15363685	9.36873598			15363685	4.86734907
mitoC2	unstructured	3	unstructured_mitoC2_draw03	Chr3	9362643	9367015	4372	29	9362975	9.03247008			9362670	3.76806923
mitoC2	unstructured	3	unstructured_mitoC2_draw03	Chr4	16465794	16651790	185996	322	16651790	136.81068835			16478168	4.48902662
mitoC2	unstructured	3	unstructured_mitoC2_draw03	Chr4	16329185	16357800	28615	103	16339532	16.69360637			16335235	2.34741857
mitoC2	unstructured	3	unstructured_mitoC2_draw03	Chr4	6432553	6443051	10498	62	6434877	16.54587146			6434853	5.08097598
mitoC2	unstructured	3	unstructured_mitoC2_draw03	Chr4	14150115	14158652	8537	56	14151325	13.60176391			14150400	3.42292801
mitoC2	unstructured	3	unstructured_mitoC2_draw03	Chr4	14671036	14691772	20736	78	14686352	10.46972493			14682607	3.22222331
mitoC2	unstructured	3	unstructured_mitoC2_draw03	Chr4	15125356	15137053	11697	62	15128747	10.35333209			15127567	4.07309986
mitoC2	unstructured	3	unstructured_mitoC2_draw03	Chr4	11127155	11133574	6419	32	11129881	10.34853058			11128291	4.885448
mitoC2	unstructured	3	unstructured_mitoC2_draw03	Chr4	11090830	11097290	6460	27	11091705	10.21873471			11091677	3.40647757
mitoC2	unstructured	3	unstructured_mitoC2_draw03	Chr4	12228205	12232273	4068	36	12228614	10.20041203			12228339	4.18751445
mitoC2	unstructured	3	unstructured_mitoC2_draw03	Chr4	8558601	8563327	4726	38	8560108	8.51410533			8560108	4.1599437
mitoC2	unstructured	3	unstructured_mitoC2_draw03	Chr5	6622785	6638190	15405	91	6630974	16.66764665			6628614	4.23472353
mitoC2	unstructured	3	unstructured_mitoC2_draw03	Chr6	10117312	10210289	92977	426	10166802	102.66659033			10150567	5.11608613
mitoC2	unstructured	3	unstructured_mitoC2_draw03	Chr6	3488425	3498484	10059	42	3490819	12.10810539			3490073	4.82430756
mitoC2	unstructured	3	unstructured_mitoC2_draw03	Chr6	10661689	10673479	11790	65	10668610	11.73603069			10663656	3.74829131
mitoC2	unstructured	3	unstructured_mitoC2_draw03	Chr6	10781656	10892387	110731	145	10841369	11.17735355			10861834	2.17818083
mitoC2	unstructured	3	unstructured_mitoC2_draw03	Chr6	5955369	5957450	2081	23	5956024	8.57602667			5955677	3.81329673
mitoC2	unstructured	3	unstructured_mitoC2_draw03	Chr6	9180568	9189757	9189	61	9186335	8.44136158			9185962	3.79981162
mitoC2	unstructured	3	unstructured_mitoC2_draw03	Chr7	2592193	2672644	80451	221	2637763	22.86127653			2593825	3.22660004
mitoC2	unstructured	3	unstructured_mitoC2_draw03	Chr7	10356426	10375106	18680	93	10363349	14.12186127			10363349	4.22744152
mitoC2	unstructured	3	unstructured_mitoC2_draw03	Chr7	11577666	11581858	4192	37	11578896	10.58204037			11578198	3.3563107
mitoC2	unstructured	3	unstructured_mitoC2_draw03	Chr7	10010298	10014252	3954	25	10011421	8.9379708			10010631	3.15900398
mitoC2	unstructured	3	unstructured_mitoC2_draw03	Chr7	2449459	2469201	19742	62	2462433	8.67562825			2451263	2.13278956
mitoC2	unstructured	3	unstructured_mitoC2_draw03	Chr7	11451673	11455191	3518	28	11452777	8.23327962			11452187	2.82002436
mitoC2	unstructured	3	unstructured_mitoC2_draw03	Chr8	6262159	6530444	268285	226	6301533	48.98581516			6298654	2.07560394
mitoC2	unstructured	3	unstructured_mitoC2_draw03	Chr8	6807206	6873908	66702	188	6856144	25.32519685			6846288	3.43301534
mitoC2	unstructured	3	unstructured_mitoC2_draw03	Chr9	9724175	9739702	15527	117	9730759	16.7933593			9725668	3.19033436
mitoC2	unstructured	3	unstructured_mitoC2_draw03	Chr9	9051159	9070661	19502	64	9055223	12.70968393			9052575	3.01107703
mitoC2	unstructured	3	unstructured_mitoC2_draw03	Chr9	9827510	9832977	5467	28	9828972	10.6512163			9828972	3.74063738
mitoC2	unstructured	3	unstructured_mitoC2_draw03	Chr9	6221360	6228704	7344	36	6226111	9.2810284			6225169	2.89916849
mitoC2	unstructured	4	unstructured_mitoC2_draw04	Chr1	6276496	6289659	13163	89	6283803	15.79780725			6283716	3.64920647
mitoC2	unstructured	4	unstructured_mitoC2_draw04	Chr1	15224839	15233004	8165	41	15227427	11.98172381			15227427	5.19890387
mitoC2	unstructured	4	unstructured_mitoC2_draw04	Chr1	10767999	10773160	5161	43	10770223	10.69838236			10770223	3.39414795
mitoC2	unstructured	4	unstructured_mitoC2_draw04	Chr1	13971442	14000150	28708	77	13979442	10.23576381			13977058	3.48089397
mitoC2	unstructured	4	unstructured_mitoC2_draw04	Chr1	6260748	6270206	9458	30	6262350	8.95902882			6262350	2.36543344
mitoC2	unstructured	4	unstructured_mitoC2_draw04	Chr1	11515901	11536639	20738	38	11517540	8.71695061			11517368	3.17326226
mitoC2	unstructured	4	unstructured_mitoC2_draw04	Chr10	9549521	9563170	13649	84	9551549	16.53123423			9550575	3.2992418
mitoC2	unstructured	4	unstructured_mitoC2_draw04	Chr10	10753544	10765129	11585	31	10760186	10.16614427			10754899	2.15390404
mitoC2	unstructured	4	unstructured_mitoC2_draw04	Chr11	8826685	8835277	8592	60	8830608	15.65223499			8828630	3.63614932
mitoC2	unstructured	4	unstructured_mitoC2_draw04	Chr12	4986328	5008357	22029	59	4996108	14.90852776			4987398	3.11851717
mitoC2	unstructured	4	unstructured_mitoC2_draw04	Chr12	3301580	3312902	11322	52	3309505	11.55568837			3306092	4.10848663
mitoC2	unstructured	4	unstructured_mitoC2_draw04	Chr12	8638948	8646400	7452	36	8640036	9.87496939			8639964	2.64807435
mitoC2	unstructured	4	unstructured_mitoC2_draw04	Chr12	5472603	5476579	3976	26	5472894	8.84837445			5472754	2.28716864
mitoC2	unstructured	4	unstructured_mitoC2_draw04	Chr13	11084586	11141921	57335	212	11107660	39.88728129			11099316	3.65397432
mitoC2	unstructured	4	unstructured_mitoC2_draw04	Chr13	2967826	2993556	25730	76	2976948	15.53799918			2992221	2.83289848
mitoC2	unstructured	4	unstructured_mitoC2_draw04	Chr13	11033141	11054118	20977	70	11043210	13.76836883			11042992	4.03551502
mitoC2	unstructured	4	unstructured_mitoC2_draw04	Chr13	3333338	3341133	7795	39	3334698	9.14463865			3334698	2.64768416
mitoC2	unstructured	4	unstructured_mitoC2_draw04	Chr13	3210040	3219734	9694	26	3210212	8.20905085			3210212	3.1591764
mitoC2	unstructured	4	unstructured_mitoC2_draw04	Chr14	4420932	4431241	10309	61	4425645	11.93406804			4420976	3.47520018
mitoC2	unstructured	4	unstructured_mitoC2_draw04	Chr14	906630	919373	12743	28	910906	10.08611993			910797	2.75821686
mitoC2	unstructured	4	unstructured_mitoC2_draw04	Chr14	3317202	3320817	3615	23	3317755	9.11211631			3317711	3.48496673
mitoC2	unstructured	4	unstructured_mitoC2_draw04	Chr14	5028862	5032283	3421	32	5030797	8.09437476			5029229	3.32322027
mitoC2	unstructured	4	unstructured_mitoC2_draw04	Chr15	1838598	2304736	466138	841	1975558	33.20862659			1917365	2.58161851
mitoC2	unstructured	4	unstructured_mitoC2_draw04	Chr15	6572877	6584430	11553	89	6579807	14.40943723			6579760	3.88037854
mitoC2	unstructured	4	unstructured_mitoC2_draw04	Chr15	6228729	6233575	4846	26	6232210	8.79444313			6231102	2.67567617
mitoC2	unstructured	4	unstructured_mitoC2_draw04	Chr16	10991050	10999150	8100	41	10992890	12.00410716			10992890	3.86698036
mitoC2	unstructured	4	unstructured_mitoC2_draw04	Chr16	10403801	10405442	1641	22	10404142	10.0955581			10404020	3.19076863
mitoC2	unstructured	4	unstructured_mitoC2_draw04	Chr17	4590548	4792988	202440	525	4709693	142.88242621			4608939	2.55846701
mitoC2	unstructured	4	unstructured_mitoC2_draw04	Chr17	6134621	6160162	25541	72	6144003	25.38162792			6143536	2.59589462
mitoC2	unstructured	4	unstructured_mitoC2_draw04	Chr17	4921887	4937062	15175	56	4923764	16.12707796			4922876	3.23697169
mitoC2	unstructured	4	unstructured_mitoC2_draw04	Chr17	4900792	4906717	5925	35	4902938	12.08534608			4902921	3.21443776
mitoC2	unstructured	4	unstructured_mitoC2_draw04	Chr17	4359767	4366060	6293	32	4364128	9.30346337			4360012	2.88912882
mitoC2	unstructured	4	unstructured_mitoC2_draw04	Chr18	4979856	5009097	29241	132	4995461	20.39877828			4985019	3.52993557
mitoC2	unstructured	4	unstructured_mitoC2_draw04	Chr18	4026937	4030025	3088	30	4027098	8.59291412			4027077	2.41322804
mitoC2	unstructured	4	unstructured_mitoC2_draw04	Chr19	2580881	2589404	8523	36	2585118	11.55102217			2584597	4.12932932
mitoC2	unstructured	4	unstructured_mitoC2_draw04	Chr19	5452928	5464758	11830	56	5454791	11.36909563			5454259	2.98039989
mitoC2	unstructured	4	unstructured_mitoC2_draw04	Chr19	6671497	6676900	5403	24	6673446	9.6564772			6672941	4.76636854
mitoC2	unstructured	4	unstructured_mitoC2_draw04	Chr19	6979274	6997642	18368	79	6994010	9.58218358			6991581	4.14102035
mitoC2	unstructured	4	unstructured_mitoC2_draw04	Chr19	4002938	4008060	5122	41	4004122	8.66694573			4003955	2.3607878
mitoC2	unstructured	4	unstructured_mitoC2_draw04	Chr19	3241321	3254182	12861	61	3246162	8.1651829			3244324	4.28436209
mitoC2	unstructured	4	unstructured_mitoC2_draw04	Chr2	11351206	11357963	6757	51	11352482	17.63016909			11355928	4.03002994
mitoC2	unstructured	4	unstructured_mitoC2_draw04	Chr2	15887533	15898547	11014	68	15892145	14.2520954			15892091	3.41172963
mitoC2	unstructured	4	unstructured_mitoC2_draw04	Chr2	9978142	9994393	16251	49	9986940	9.68616708			9986652	3.17015247
mitoC2	unstructured	4	unstructured_mitoC2_draw04	Chr20	8213433	8218763	5330	40	8216257	10.55547707			8214317	2.83095889
mitoC2	unstructured	4	unstructured_mitoC2_draw04	Chr20	9147655	9155924	8269	38	9151466	8.83703903			9149956	2.12227709
mitoC2	unstructured	4	unstructured_mitoC2_draw04	Chr21	5983705	5988344	4639	54	5984895	15.19804617			5983988	3.2170437
mitoC2	unstructured	4	unstructured_mitoC2_draw04	Chr21	3587960	3605822	17862	71	3593489	8.46922946			3592352	2.75262372
mitoC2	unstructured	4	unstructured_mitoC2_draw04	Chr22	2163976	2195093	31117	78	2191396	8.36279881			2164331	2.16856487
mitoC2	unstructured	4	unstructured_mitoC2_draw04	Chr22	2579169	2583302	4133	24	2579823	8.29802798			2579671	2.69962379
mitoC2	unstructured	4	unstructured_mitoC2_draw04	Chr24	1313621	1825183	511562	821	1627925	339.48658935			1337377	3.95292263
mitoC2	unstructured	4	unstructured_mitoC2_draw04	Chr24	5688550	5694879	6329	33	5688990	8.10613262			5688738	2.39665591
mitoC2	unstructured	4	unstructured_mitoC2_draw04	Chr24	944207	948294	4087	21	944747	8.01753594			944438	4.7688562
mitoC2	unstructured	4	unstructured_mitoC2_draw04	Chr25	10903414	10919709	16295	44	10913171	13.36356458			10913169	2.93188794
mitoC2	unstructured	4	unstructured_mitoC2_draw04	Chr26	9712342	9727524	15182	85	9714353	19.02399868			9713375	4.21689422
mitoC2	unstructured	4	unstructured_mitoC2_draw04	Chr26	8424444	8432465	8021	69	8426936	17.21336431			8426137	2.84232078
mitoC2	unstructured	4	unstructured_mitoC2_draw04	Chr27	2512595	2598832	86237	319	2590215	21.68493553			2531335	1.86651775
mitoC2	unstructured	4	unstructured_mitoC2_draw04	Chr27	3221925	3230298	8373	38	3226459	9.65787746			3222144	3.58732146
mitoC2	unstructured	4	unstructured_mitoC2_draw04	Chr27	2603003	2658320	55317	137	2626990	9.0130914			2619480	1.73993289
mitoC2	unstructured	4	unstructured_mitoC2_draw04	Chr3	14969057	14977549	8492	46	14969887	16.30031895			14969730	4.91104673
mitoC2	unstructured	4	unstructured_mitoC2_draw04	Chr3	2517274	2527507	10233	51	2518582	12.0675133			2518111	3.71139871
mitoC2	unstructured	4	unstructured_mitoC2_draw04	Chr3	12039704	12047778	8074	36	12040434	8.86244433			12040298	2.46702058
mitoC2	unstructured	4	unstructured_mitoC2_draw04	Chr4	6510709	6523507	12798	65	6515586	12.81281497			6518222	3.13053329
mitoC2	unstructured	4	unstructured_mitoC2_draw04	Chr4	16371657	16382664	11007	47	16376874	10.82861299			16376469	2.06694363
mitoC2	unstructured	4	unstructured_mitoC2_draw04	Chr4	15532282	15536590	4308	31	15533339	10.25190882			15532597	4.28238463
mitoC2	unstructured	4	unstructured_mitoC2_draw04	Chr4	7300850	7305731	4881	32	7301060	10.08917097			7301060	4.47440656
mitoC2	unstructured	4	unstructured_mitoC2_draw04	Chr5	11444971	11453224	8253	46	11446831	15.93545955			11446247	3.30839609
mitoC2	unstructured	4	unstructured_mitoC2_draw04	Chr5	5530012	5536726	6714	32	5532095	11.63735997			5530023	2.71885843
mitoC2	unstructured	4	unstructured_mitoC2_draw04	Chr5	10296508	10300904	4396	32	10296947	9.68064992			10296793	3.46413265
mitoC2	unstructured	4	unstructured_mitoC2_draw04	Chr5	13983525	13989838	6313	42	13986109	9.66910188			13984230	2.47956805
mitoC2	unstructured	4	unstructured_mitoC2_draw04	Chr5	9488289	9494943	6654	29	9489107	9.30948893			9488893	3.21074016
mitoC2	unstructured	4	unstructured_mitoC2_draw04	Chr5	7391124	7396251	5127	30	7391235	9.20785111			7391235	2.65406287
mitoC2	unstructured	4	unstructured_mitoC2_draw04	Chr6	7082556	7103465	20909	81	7088501	14.30371328			7094391	4.45423906
mitoC2	unstructured	4	unstructured_mitoC2_draw04	Chr6	5712885	5715319	2434	19	5713600	9.11416957			5713338	4.47767828
mitoC2	unstructured	4	unstructured_mitoC2_draw04	Chr6	9219333	9221712	2379	24	9219544	8.71910399			9219544	2.55466274
mitoC2	unstructured	4	unstructured_mitoC2_draw04	Chr6	7906870	7909903	3033	28	7907376	8.50697427			7907376	2.23818948
mitoC2	unstructured	4	unstructured_mitoC2_draw04	Chr6	6432562	6438904	6342	26	6432775	8.45267148			6432657	3.69012941
mitoC2	unstructured	4	unstructured_mitoC2_draw04	Chr6	2106816	2120094	13278	46	2114547	8.39753727			2111842	2.53179471
mitoC2	unstructured	4	unstructured_mitoC2_draw04	Chr7	5197695	5219775	22080	135	5207422	28.04332165			5204747	3.37959933
mitoC2	unstructured	4	unstructured_mitoC2_draw04	Chr7	12415954	12439423	23469	117	12429151	15.98465317			12420294	3.08347246
mitoC2	unstructured	4	unstructured_mitoC2_draw04	Chr7	6089870	6103488	13618	81	6090170	14.25323105			6090103	3.2086362
mitoC2	unstructured	4	unstructured_mitoC2_draw04	Chr7	9114401	9116282	1881	24	9115201	9.30212527			9115201	3.84582507
mitoC2	unstructured	4	unstructured_mitoC2_draw04	Chr7	5530716	5535565	4849	42	5531461	9.20844827			5531550	3.41744798
mitoC2	unstructured	4	unstructured_mitoC2_draw04	Chr7	11838742	11844467	5725	32	11840121	9.14994357			11839419	3.04384322
mitoC2	unstructured	4	unstructured_mitoC2_draw04	Chr8	8789144	8905896	116752	270	8839375	43.75933901			8838384	4.13287817
mitoC2	unstructured	4	unstructured_mitoC2_draw04	Chr9	8676077	8687540	11463	67	8679813	19.46070459			8678361	3.35279606
mitoC2	unstructured	4	unstructured_mitoC2_draw04	Chr9	5954967	5962397	7430	57	5955777	17.03582653			5955733	4.52081211
mitoC2	unstructured	4	unstructured_mitoC2_draw04	Chr9	7168080	7185909	17829	61	7173854	16.03394788			7169152	2.66420172
mitoC2	unstructured	4	unstructured_mitoC2_draw04	Chr9	2620438	2631161	10723	33	2622659	13.8180636			2620764	3.8199013
mitoC2	unstructured	4	unstructured_mitoC2_draw04	Chr9	1935011	1967496	32485	102	1953454	13.78937828			1963591	2.53641381
mitoC2	unstructured	4	unstructured_mitoC2_draw04	Chr9	7827838	7833390	5552	31	7830668	9.45052441			7830092	2.85171307
mitoC2	unstructured	4	unstructured_mitoC2_draw04	Chr9	4620926	4623353	2427	23	4621528	9.04408071			4621255	3.6068015
mitoC2	unstructured	5	unstructured_mitoC2_draw05	Chr1	14046979	14049868	2889	26	14047088	12.1748974			14047088	3.36139516
mitoC2	unstructured	5	unstructured_mitoC2_draw05	Chr1	14346305	14350920	4615	32	14346876	11.13107016			14346589	2.31087536
mitoC2	unstructured	5	unstructured_mitoC2_draw05	Chr1	15818537	15829488	10951	50	15826575	10.06205011			15826507	1.8732309
mitoC2	unstructured	5	unstructured_mitoC2_draw05	Chr10	2675522	3042411	366889	639	2933290	48.57639653			2893927	2.09811648
mitoC2	unstructured	5	unstructured_mitoC2_draw05	Chr10	2496965	2566496	69531	61	2527674	14.64747149			2512915	2.21305616
mitoC2	unstructured	5	unstructured_mitoC2_draw05	Chr10	9541237	9545608	4371	31	9541694	10.15400819			9541409	4.49654194
mitoC2	unstructured	5	unstructured_mitoC2_draw05	Chr11	10206226	10212743	6517	39	10206953	18.28284788			10206908	4.08782236
mitoC2	unstructured	5	unstructured_mitoC2_draw05	Chr11	8558054	8562795	4741	33	8559281	9.16874274			8558738	3.47972987
mitoC2	unstructured	5	unstructured_mitoC2_draw05	Chr12	2865995	2982945	116950	285	2909861	19.2547975			2956629	2.67248892
mitoC2	unstructured	5	unstructured_mitoC2_draw05	Chr12	8066664	8085005	18341	83	8078905	18.02953396			8075955	4.18855418
mitoC2	unstructured	5	unstructured_mitoC2_draw05	Chr12	5049832	5057646	7814	36	5052233	11.58405689			5052151	3.25376876
mitoC2	unstructured	5	unstructured_mitoC2_draw05	Chr12	3644187	3660472	16285	64	3651988	11.41213954			3648523	3.3217674
mitoC2	unstructured	5	unstructured_mitoC2_draw05	Chr12	11154551	11190407	35856	99	11169268	10.99615767			11168549	2.8741828
mitoC2	unstructured	5	unstructured_mitoC2_draw05	Chr12	2835301	2860708	25407	82	2845641	9.87572247			2859517	2.22027347
mitoC2	unstructured	5	unstructured_mitoC2_draw05	Chr13	6247387	6258883	11496	60	6254635	14.48883828			6250117	4.37505528
mitoC2	unstructured	5	unstructured_mitoC2_draw05	Chr13	3337207	3349353	12146	52	3344717	12.96658496			3338954	3.13595613
mitoC2	unstructured	5	unstructured_mitoC2_draw05	Chr13	4658319	4664434	6115	27	4658770	9.73887578			4658770	2.70366501
mitoC2	unstructured	5	unstructured_mitoC2_draw05	Chr13	8675835	8683746	7911	46	8679613	9.19781168			8677586	3.67085621
mitoC2	unstructured	5	unstructured_mitoC2_draw05	Chr13	3271716	3275554	3838	31	3272374	9.10315342			3271988	1.88775439
mitoC2	unstructured	5	unstructured_mitoC2_draw05	Chr13	9268888	9276120	7232	39	9273304	9.05478678			9271717	3.26736587
mitoC2	unstructured	5	unstructured_mitoC2_draw05	Chr13	5879760	5893606	13846	48	5885921	8.44430368			5885921	2.71045711
mitoC2	unstructured	5	unstructured_mitoC2_draw05	Chr14	5179145	5198847	19702	148	5188197	21.98449246			5182268	4.87856172
mitoC2	unstructured	5	unstructured_mitoC2_draw05	Chr14	7082579	7105462	22883	79	7099104	16.51910207			7092335	3.09159286
mitoC2	unstructured	5	unstructured_mitoC2_draw05	Chr14	583317	602161	18844	113	593636	8.20673683			584179	2.16972504
mitoC2	unstructured	5	unstructured_mitoC2_draw05	Chr15	4618211	4655338	37127	212	4639119	32.03859975			4635972	2.69370267
mitoC2	unstructured	5	unstructured_mitoC2_draw05	Chr15	8180235	8227106	46871	244	8211037	24.03462751			8202199	3.94155262
mitoC2	unstructured	5	unstructured_mitoC2_draw05	Chr15	10271738	10277140	5402	33	10273251	9.82767808			10272322	3.08095701
mitoC2	unstructured	5	unstructured_mitoC2_draw05	Chr15	10873980	10888103	14123	49	10878870	9.08478102			10877809	3.37501787
mitoC2	unstructured	5	unstructured_mitoC2_draw05	Chr16	11063745	11066792	3047	21	11064216	9.47872452			11064123	2.78087456
mitoC2	unstructured	5	unstructured_mitoC2_draw05	Chr16	5849983	5860414	10431	37	5855679	8.50694177			5851041	1.93334814
mitoC2	unstructured	5	unstructured_mitoC2_draw05	Chr16	9528082	9535266	7184	44	9531778	8.46142938			9531778	3.81461114
mitoC2	unstructured	5	unstructured_mitoC2_draw05	Chr17	5124248	5139115	14867	65	5131805	23.19165527			5126788	4.090752
mitoC2	unstructured	5	unstructured_mitoC2_draw05	Chr17	5193830	5238286	44456	160	5208925	21.18748906			5206947	3.01075669
mitoC2	unstructured	5	unstructured_mitoC2_draw05	Chr17	5762701	5773536	10835	41	5767781	11.87018565			5762980	3.10615225
mitoC2	unstructured	5	unstructured_mitoC2_draw05	Chr18	4716028	4740174	24146	56	4729027	11.83138074			4729027	3.21805727
mitoC2	unstructured	5	unstructured_mitoC2_draw05	Chr18	4953213	4966042	12829	55	4961024	9.14946244			4960064	2.85941247
mitoC2	unstructured	5	unstructured_mitoC2_draw05	Chr18	6086161	6095657	9496	64	6092875	8.97698108			6088238	4.22796619
mitoC2	unstructured	5	unstructured_mitoC2_draw05	Chr19	5906596	5916870	10274	44	5910011	9.62365335			5909867	3.42634419
mitoC2	unstructured	5	unstructured_mitoC2_draw05	Chr2	9970818	9998285	27467	89	9985205	14.88223748			9975772	5.04797597
mitoC2	unstructured	5	unstructured_mitoC2_draw05	Chr2	3511857	3524930	13073	52	3520161	14.67718287			3512936	2.61665079
mitoC2	unstructured	5	unstructured_mitoC2_draw05	Chr2	15253720	15259297	5577	39	15254464	14.2883428			15253950	3.72929721
mitoC2	unstructured	5	unstructured_mitoC2_draw05	Chr2	3212908	3221479	8571	67	3215598	11.18654697			3214225	3.11073838
mitoC2	unstructured	5	unstructured_mitoC2_draw05	Chr2	11385664	11389632	3968	26	11385994	9.84665529			11385994	3.59798807
mitoC2	unstructured	5	unstructured_mitoC2_draw05	Chr2	6336872	6362243	25371	126	6356062	9.76386034			6339773	2.77582629
mitoC2	unstructured	5	unstructured_mitoC2_draw05	Chr2	14280943	14287615	6672	29	14282494	9.10825898			14281628	3.72564709
mitoC2	unstructured	5	unstructured_mitoC2_draw05	Chr20	3558891	3899449	340558	110	3584168	22.60608352			3565950	1.91235518
mitoC2	unstructured	5	unstructured_mitoC2_draw05	Chr20	7361285	7366422	5137	28	7363035	10.66436612			7361665	5.18593699
mitoC2	unstructured	5	unstructured_mitoC2_draw05	Chr21	6252877	6256343	3466	27	6253911	9.92454798			6253830	2.67628455
mitoC2	unstructured	5	unstructured_mitoC2_draw05	Chr21	5496701	5500807	4106	29	5497696	9.13610055			5497069	3.42528404
mitoC2	unstructured	5	unstructured_mitoC2_draw05	Chr21	8230953	8238451	7498	44	8235100	8.70622512			8233177	2.85890066
mitoC2	unstructured	5	unstructured_mitoC2_draw05	Chr22	6823537	6845693	22156	70	6831970	12.68952765			6827570	3.6725997
mitoC2	unstructured	5	unstructured_mitoC2_draw05	Chr22	5333979	5340732	6753	49	5337543	8.62316612			5337106	3.32229834
mitoC2	unstructured	5	unstructured_mitoC2_draw05	Chr22	3621391	3623777	2386	19	3621431	8.27330987			3621419	3.90081466
mitoC2	unstructured	5	unstructured_mitoC2_draw05	Chr22	6587884	6591153	3269	20	6589200	8.01064764			6588520	2.74836189
mitoC2	unstructured	5	unstructured_mitoC2_draw05	Chr24	1334031	1690284	356253	346	1624048	71.26046035			1341311	2.13306595
mitoC2	unstructured	5	unstructured_mitoC2_draw05	Chr24	5455054	5481590	26536	46	5472267	11.77695609			5471741	3.27537855
mitoC2	unstructured	5	unstructured_mitoC2_draw05	Chr24	1997979	2006644	8665	29	2003332	8.69682492			1999442	2.64709922
mitoC2	unstructured	5	unstructured_mitoC2_draw05	Chr24	5983372	6007655	24283	36	5995665	7.98419563			5990170	2.66612105
mitoC2	unstructured	5	unstructured_mitoC2_draw05	Chr24	2974227	2979296	5069	34	2975345	7.8960456			2975187	1.93909025
mitoC2	unstructured	5	unstructured_mitoC2_draw05	Chr25	10208519	10214081	5562	56	10209411	21.94828483			10209199	3.35816354
mitoC2	unstructured	5	unstructured_mitoC2_draw05	Chr25	9447876	9460329	12453	52	9451454	17.40040215			9450357	3.3462526
mitoC2	unstructured	5	unstructured_mitoC2_draw05	Chr25	11188169	11193343	5174	54	11188752	13.3692615			11188455	3.88191002
mitoC2	unstructured	5	unstructured_mitoC2_draw05	Chr25	12295099	12304952	9853	36	12297347	11.8952569			12296829	3.01382035
mitoC2	unstructured	5	unstructured_mitoC2_draw05	Chr25	8300906	8525953	225047	252	8347090	11.28416476			8487448	2.4541558
mitoC2	unstructured	5	unstructured_mitoC2_draw05	Chr26	6944442	7109540	165098	461	7065659	56.70898901			7051182	2.49920237
mitoC2	unstructured	5	unstructured_mitoC2_draw05	Chr26	9883597	9958980	75383	110	9942103	27.11253065			9917631	2.58826833
mitoC2	unstructured	5	unstructured_mitoC2_draw05	Chr27	6523131	6536695	13564	78	6525562	15.20804472			6524429	4.58136397
mitoC2	unstructured	5	unstructured_mitoC2_draw05	Chr27	6284177	6295375	11198	34	6293765	8.89961273			6293021	3.26166509
mitoC2	unstructured	5	unstructured_mitoC2_draw05	Chr27	3345078	3350162	5084	41	3348701	8.6594376			3346020	2.31949911
mitoC2	unstructured	5	unstructured_mitoC2_draw05	Chr3	10326107	10337336	11229	202	10328650	46.32560171			10331237	2.55351296
mitoC2	unstructured	5	unstructured_mitoC2_draw05	Chr3	3788615	3840982	52367	125	3815003	29.93690922			3794037	2.48662407
mitoC2	unstructured	5	unstructured_mitoC2_draw05	Chr3	12039886	12072804	32918	130	12048853	23.67287918			12044181	3.6252195
mitoC2	unstructured	5	unstructured_mitoC2_draw05	Chr3	13994543	14004052	9509	53	13999225	13.29488421			13995435	4.38522876
mitoC2	unstructured	5	unstructured_mitoC2_draw05	Chr3	2516980	2524979	7999	44	2518387	12.30392439			2517482	4.02009565
mitoC2	unstructured	5	unstructured_mitoC2_draw05	Chr3	5653466	5671477	18011	62	5657312	8.91343103			5656512	1.97194987
mitoC2	unstructured	5	unstructured_mitoC2_draw05	Chr4	334803	3801473	3466670	3743	934336	675.666185039999			915037	3.79880435
mitoC2	unstructured	5	unstructured_mitoC2_draw05	Chr4	3995848	4178693	182845	565	4119231	115.79939567			4110717	3.21018135
mitoC2	unstructured	5	unstructured_mitoC2_draw05	Chr4	10825877	11043170	217293	302	10998652	58.16150546			10859662	3.51663723
mitoC2	unstructured	5	unstructured_mitoC2_draw05	Chr4	16043854	16072882	29028	75	16063091	16.0980354			16062246	2.59407392
mitoC2	unstructured	5	unstructured_mitoC2_draw05	Chr4	12834311	12838910	4599	42	12835292	14.23750295			12835209	3.70529957
mitoC2	unstructured	5	unstructured_mitoC2_draw05	Chr4	4902144	4919166	17022	46	4903234	11.08667207			4902903	2.87007246
mitoC2	unstructured	5	unstructured_mitoC2_draw05	Chr5	11677545	11689762	12217	64	11680189	15.90712652			11679871	2.16641203
mitoC2	unstructured	5	unstructured_mitoC2_draw05	Chr5	9180502	9191775	11273	49	9185173	11.17106525			9182362	4.37529061
mitoC2	unstructured	5	unstructured_mitoC2_draw05	Chr5	4924163	4933361	9198	51	4929083	10.45123148			4927578	3.16790877
mitoC2	unstructured	5	unstructured_mitoC2_draw05	Chr5	8384820	8387523	2703	23	8385210	9.38134231			8385180	2.86362188
mitoC2	unstructured	5	unstructured_mitoC2_draw05	Chr6	10387958	10390730	2772	29	10388665	11.36428528			10388231	3.79777967
mitoC2	unstructured	5	unstructured_mitoC2_draw05	Chr6	8318048	8322816	4768	28	8319371	8.4642335			8319320	2.52920929
mitoC2	unstructured	5	unstructured_mitoC2_draw05	Chr7	2349366	2420069	70703	152	2386231	30.19027511			2373029	3.33682396
mitoC2	unstructured	5	unstructured_mitoC2_draw05	Chr7	8052268	8057595	5327	43	8053167	16.70231067			8052623	4.03983806
mitoC2	unstructured	5	unstructured_mitoC2_draw05	Chr8	8324381	8329733	5352	35	8324601	9.80427325			8324601	3.33882242
mitoC2	unstructured	5	unstructured_mitoC2_draw05	Chr8	12073355	12074613	1258	23	12073736	8.82626191			12073646	3.41115406
mitoC2	unstructured	5	unstructured_mitoC2_draw05	Chr9	3503682	3542879	39197	122	3520630	30.10157692			3520630	3.53407285
mitoC2	unstructured	5	unstructured_mitoC2_draw05	Chr9	6014792	6019596	4804	37	6016614	9.27382301			6016091	3.40452765
mitoC2	unstructured	6	unstructured_mitoC2_draw06	Chr1	6210007	6225647	15640	95	6213886	15.33409829			6210010	3.39581168
mitoC2	unstructured	6	unstructured_mitoC2_draw06	Chr1	8051695	8059756	8061	44	8052067	11.66174915			8051885	2.82054259
mitoC2	unstructured	6	unstructured_mitoC2_draw06	Chr1	7083780	7088696	4916	41	7086705	10.48006244			7083891	2.57883383
mitoC2	unstructured	6	unstructured_mitoC2_draw06	Chr1	10416689	10421391	4702	46	10417897	10.2901783			10417816	3.50834612
mitoC2	unstructured	6	unstructured_mitoC2_draw06	Chr10	1546578	1765267	218689	418	1717226	29.26106281			1548200	2.53351795
mitoC2	unstructured	6	unstructured_mitoC2_draw06	Chr10	165514	444086	278572	397	440330	15.37253126			392304	2.52932092
mitoC2	unstructured	6	unstructured_mitoC2_draw06	Chr10	10753544	10767065	13521	34	10760148	12.29458796			10754899	3.01464078
mitoC2	unstructured	6	unstructured_mitoC2_draw06	Chr10	8719158	8742745	23587	61	8728388	11.8137366			8728307	2.85440724
mitoC2	unstructured	6	unstructured_mitoC2_draw06	Chr10	1067093	1163952	96859	205	1146428	11.37232725			1116394	1.8601345
mitoC2	unstructured	6	unstructured_mitoC2_draw06	Chr10	920700	1007430	86730	152	963112	10.7503522			997536	2.15743036
mitoC2	unstructured	6	unstructured_mitoC2_draw06	Chr10	599323	859222	259899	328	623567	10.6439659			650345	2.44878001
mitoC2	unstructured	6	unstructured_mitoC2_draw06	Chr10	530698	597770	67072	166	548959	10.61962002			531119	2.38440696
mitoC2	unstructured	6	unstructured_mitoC2_draw06	Chr10	9168832	9175103	6271	60	9170786	9.59240059			9169460	2.88381402
mitoC2	unstructured	6	unstructured_mitoC2_draw06	Chr10	9549707	9555004	5297	42	9550917	9.50033251			9549900	2.58325073
mitoC2	unstructured	6	unstructured_mitoC2_draw06	Chr10	9392022	9396285	4263	30	9393118	8.6529843			9392917	3.64757303
mitoC2	unstructured	6	unstructured_mitoC2_draw06	Chr10	9683067	9687203	4136	25	9683185	8.59276013			9683132	2.82879002
mitoC2	unstructured	6	unstructured_mitoC2_draw06	Chr11	11240568	11270634	30066	81	11257315	16.06856565			11242609	2.92516826
mitoC2	unstructured	6	unstructured_mitoC2_draw06	Chr11	4646856	4683692	36836	78	4658470	12.45209843			4653167	2.75718426
mitoC2	unstructured	6	unstructured_mitoC2_draw06	Chr11	8126759	8137250	10491	51	8130051	11.17930247			8127278	3.03576346
mitoC2	unstructured	6	unstructured_mitoC2_draw06	Chr12	9417934	9420068	2134	27	9418188	14.88323579			9417965	4.08804446
mitoC2	unstructured	6	unstructured_mitoC2_draw06	Chr12	3618609	3638736	20127	46	3620571	10.34288973			3618980	2.15031072
mitoC2	unstructured	6	unstructured_mitoC2_draw06	Chr12	6832636	6839002	6366	33	6833729	10.28292024			6833668	3.53022953
mitoC2	unstructured	6	unstructured_mitoC2_draw06	Chr12	7350282	7356548	6266	38	7353344	8.52135007			7350670	2.6463098
mitoC2	unstructured	6	unstructured_mitoC2_draw06	Chr12	5760774	5764515	3741	26	5761355	8.22809966			5761243	3.88819117
mitoC2	unstructured	6	unstructured_mitoC2_draw06	Chr12	8638948	8646308	7360	33	8641334	8.1842125			8640036	2.26675201
mitoC2	unstructured	6	unstructured_mitoC2_draw06	Chr13	3360567	3384965	24398	213	3368032	28.17993756			3369340	2.12748196
mitoC2	unstructured	6	unstructured_mitoC2_draw06	Chr13	10248197	10282718	34521	126	10266957	23.1514068			10262209	2.62884978
mitoC2	unstructured	6	unstructured_mitoC2_draw06	Chr13	4190406	4200697	10291	58	4194013	22.54389216			4191592	2.88603961
mitoC2	unstructured	6	unstructured_mitoC2_draw06	Chr13	2498240	2513532	15292	62	2502461	14.9175145			2499235	2.40898826
mitoC2	unstructured	6	unstructured_mitoC2_draw06	Chr13	10329634	10337584	7950	42	10332912	11.326676			10331004	2.50483208
mitoC2	unstructured	6	unstructured_mitoC2_draw06	Chr13	5831270	5867708	36438	67	5843462	9.90724505			5841213	2.86922745
mitoC2	unstructured	6	unstructured_mitoC2_draw06	Chr13	7153319	7161164	7845	37	7154609	9.61330789			7154609	2.64496226
mitoC2	unstructured	6	unstructured_mitoC2_draw06	Chr13	3388589	3398584	9995	32	3391108	9.43025544			3390883	4.07036522
mitoC2	unstructured	6	unstructured_mitoC2_draw06	Chr13	3512332	3518388	6056	30	3515415	8.85589348			3513212	2.94791967
mitoC2	unstructured	6	unstructured_mitoC2_draw06	Chr13	9111011	9114934	3923	25	9112296	8.8065127			9111382	2.46362384
mitoC2	unstructured	6	unstructured_mitoC2_draw06	Chr14	5709237	5719295	10058	52	5712033	17.72229299			5710831	4.0031807
mitoC2	unstructured	6	unstructured_mitoC2_draw06	Chr14	5939435	5945269	5834	48	5943003	8.7746523			5940703	2.83140911
mitoC2	unstructured	6	unstructured_mitoC2_draw06	Chr14	4800372	4804396	4024	37	4801447	8.67815712			4800909	2.22123625
mitoC2	unstructured	6	unstructured_mitoC2_draw06	Chr15	3864258	3869376	5118	33	3867627	8.50810843			3866696	3.59764871
mitoC2	unstructured	6	unstructured_mitoC2_draw06	Chr16	6420138	6482937	62799	241	6445290	35.29113339			6437748	2.43628858
mitoC2	unstructured	6	unstructured_mitoC2_draw06	Chr16	11201453	11206523	5070	31	11201664	11.11450445			11201569	3.86143241
mitoC2	unstructured	6	unstructured_mitoC2_draw06	Chr16	10570691	10588594	17903	87	10584152	10.89836935			10572957	3.13352554
mitoC2	unstructured	6	unstructured_mitoC2_draw06	Chr16	9001325	9006610	5285	41	9001765	9.57794336			9001765	4.5671725
mitoC2	unstructured	6	unstructured_mitoC2_draw06	Chr17	6919721	6930225	10504	41	6920241	12.1173864			6919887	2.56151
mitoC2	unstructured	6	unstructured_mitoC2_draw06	Chr17	9399147	9419337	20190	56	9405798	11.74623318			9403156	2.34648001
mitoC2	unstructured	6	unstructured_mitoC2_draw06	Chr19	5464862	5471915	7053	52	5465804	13.4454273			5465583	5.01497935
mitoC2	unstructured	6	unstructured_mitoC2_draw06	Chr19	5452928	5472126	19198	57	5454791	10.02882264			5454791	3.27514222
mitoC2	unstructured	6	unstructured_mitoC2_draw06	Chr19	3399340	3404428	5088	48	3401433	8.38530435			3401365	4.69624735
mitoC2	unstructured	6	unstructured_mitoC2_draw06	Chr19	6010593	6015215	4622	36	6012499	7.68662324			6010816	3.07913758
mitoC2	unstructured	6	unstructured_mitoC2_draw06	Chr2	3049967	3072142	22175	119	3056830	25.38662558			3058999	3.24707529
mitoC2	unstructured	6	unstructured_mitoC2_draw06	Chr2	16574932	16581229	6297	51	16578931	11.59922172			16575305	2.82082741
mitoC2	unstructured	6	unstructured_mitoC2_draw06	Chr2	3496432	3500356	3924	30	3496776	10.6180278			3496776	3.64326943
mitoC2	unstructured	6	unstructured_mitoC2_draw06	Chr2	2860583	2868461	7878	33	2861275	9.98100428			2861055	3.5100484
mitoC2	unstructured	6	unstructured_mitoC2_draw06	Chr2	3550073	3554566	4493	33	3551985	9.63576647			3550297	2.84629696
mitoC2	unstructured	6	unstructured_mitoC2_draw06	Chr20	9003325	9010388	7063	35	9007933	8.10775258			9003657	3.18419093
mitoC2	unstructured	6	unstructured_mitoC2_draw06	Chr21	7513065	7516408	3343	24	7514112	11.22216882			7513764	3.50457701
mitoC2	unstructured	6	unstructured_mitoC2_draw06	Chr21	9649952	9651865	1913	27	9650259	8.78612565			9650240	2.70901036
mitoC2	unstructured	6	unstructured_mitoC2_draw06	Chr24	3675626	3681619	5993	34	3677270	9.50020172			3676094	4.3567106
mitoC2	unstructured	6	unstructured_mitoC2_draw06	Chr25	968	8847141	8846173	12732	6285702	2479.33289810001			3814792	3.55472018
mitoC2	unstructured	6	unstructured_mitoC2_draw06	Chr26	9637159	9644947	7788	34	9639734	11.55884766			9639605	3.36141787
mitoC2	unstructured	6	unstructured_mitoC2_draw06	Chr26	8744343	8766703	22360	88	8750906	11.08162055			8755683	2.16665235
mitoC2	unstructured	6	unstructured_mitoC2_draw06	Chr27	3172674	3213107	40433	59	3201781	9.9152389			3190255	2.22559435
mitoC2	unstructured	6	unstructured_mitoC2_draw06	Chr27	5632875	5638191	5316	31	5633308	9.69940731			5633234	3.55893942
mitoC2	unstructured	6	unstructured_mitoC2_draw06	Chr27	5561966	5566512	4546	29	5564672	7.93814019			5563978	3.97099569
mitoC2	unstructured	6	unstructured_mitoC2_draw06	Chr3	10848152	10860407	12255	65	10852533	10.36621599			10855857	1.93309159
mitoC2	unstructured	6	unstructured_mitoC2_draw06	Chr3	11304184	11310813	6629	38	11304613	9.59026579			11304514	3.19546346
mitoC2	unstructured	6	unstructured_mitoC2_draw06	Chr3	13978590	13985919	7329	42	13982822	8.82162018			13979845	2.78552744
mitoC2	unstructured	6	unstructured_mitoC2_draw06	Chr3	9670148	9675191	5043	44	9671992	8.43705559			9673382	2.30378909
mitoC2	unstructured	6	unstructured_mitoC2_draw06	Chr4	16006624	16021526	14902	33	16012556	10.96910491			16007361	3.69702205
mitoC2	unstructured	6	unstructured_mitoC2_draw06	Chr4	7105472	7115035	9563	68	7111724	10.93556386			7110531	3.39740404
mitoC2	unstructured	6	unstructured_mitoC2_draw06	Chr4	14473470	14478854	5384	42	14474781	9.74595475			14474703	2.66917543
mitoC2	unstructured	6	unstructured_mitoC2_draw06	Chr4	13483117	13495149	12032	31	13486431	9.33518128			13485102	3.86188495
mitoC2	unstructured	6	unstructured_mitoC2_draw06	Chr4	13117270	13120170	2900	26	13117586	9.09687348			13117430	2.50970503
mitoC2	unstructured	6	unstructured_mitoC2_draw06	Chr4	5324573	5328466	3893	28	5325328	8.90748979			5325229	2.80440388
mitoC2	unstructured	6	unstructured_mitoC2_draw06	Chr4	16038204	16044195	5991	20	16039448	8.85453127			16039221	3.49034669
mitoC2	unstructured	6	unstructured_mitoC2_draw06	Chr5	2953066	5011599	2058533	2796	4027064	858.44417935			3297822	4.57535955
mitoC2	unstructured	6	unstructured_mitoC2_draw06	Chr5	7858487	7887386	28899	131	7865846	22.61714941			7861877	4.31746589
mitoC2	unstructured	6	unstructured_mitoC2_draw06	Chr5	6955737	6962460	6723	46	6957659	16.57492234			6955932	4.48833868
mitoC2	unstructured	6	unstructured_mitoC2_draw06	Chr5	13983525	13993065	9540	73	13986109	15.47955505			13985452	3.48131321
mitoC2	unstructured	6	unstructured_mitoC2_draw06	Chr5	6251345	6258584	7239	33	6253478	9.59193856			6253478	3.63193526
mitoC2	unstructured	6	unstructured_mitoC2_draw06	Chr5	12299899	12306766	6867	49	12304641	9.49665675			12300819	4.25764313
mitoC2	unstructured	6	unstructured_mitoC2_draw06	Chr6	1874228	1913619	39391	67	1886141	12.97194134			1874243	3.35145659
mitoC2	unstructured	6	unstructured_mitoC2_draw06	Chr6	8024181	8027977	3796	28	8024779	10.29166966			8024768	3.20311838
mitoC2	unstructured	6	unstructured_mitoC2_draw06	Chr7	12417066	12460493	43427	199	12431524	48.61958688			12425808	2.82301985
mitoC2	unstructured	6	unstructured_mitoC2_draw06	Chr7	6708406	6717441	9035	58	6713549	19.55679534			6712239	4.29795469
mitoC2	unstructured	6	unstructured_mitoC2_draw06	Chr7	10623084	10632362	9278	49	10628037	10.57360447			10625710	3.20982262
mitoC2	unstructured	6	unstructured_mitoC2_draw06	Chr7	11451629	11456918	5289	44	11455181	9.33270496			11454690	3.65504791
mitoC2	unstructured	6	unstructured_mitoC2_draw06	Chr8	1644932	2101170	456238	712	1854710	65.73027839			1671127	2.24736254
mitoC2	unstructured	6	unstructured_mitoC2_draw06	Chr8	3884855	4339592	454737	753	4247883	25.72956007			4175486	2.19166929
mitoC2	unstructured	6	unstructured_mitoC2_draw06	Chr8	5487272	5513011	25739	107	5499056	21.07336845			5494105	2.54627106
mitoC2	unstructured	6	unstructured_mitoC2_draw06	Chr8	10926725	10953660	26935	108	10935679	18.79407582			10927368	2.16712686
mitoC2	unstructured	6	unstructured_mitoC2_draw06	Chr8	6100566	6116377	15811	158	6106445	16.9723598			6101023	3.50323772
mitoC2	unstructured	6	unstructured_mitoC2_draw06	Chr8	3438503	3559723	121220	229	3497481	13.84864591			3483027	2.06891018
mitoC2	unstructured	6	unstructured_mitoC2_draw06	Chr8	8977207	8988417	11210	79	8981359	13.62342008			8981213	3.07162517
mitoC2	unstructured	6	unstructured_mitoC2_draw06	Chr8	7832561	7841242	8681	58	7837855	13.29690439			7837855	4.04904017
mitoC2	unstructured	6	unstructured_mitoC2_draw06	Chr8	3019676	3098942	79266	196	3062694	12.75779207			3020354	2.16514964
mitoC2	unstructured	6	unstructured_mitoC2_draw06	Chr8	6137369	6143625	6256	41	6139482	10.84487916			6137588	2.90887012
mitoC2	unstructured	6	unstructured_mitoC2_draw06	Chr8	9103591	9113350	9759	31	9108462	10.69150025			9108271	2.66117563
mitoC2	unstructured	6	unstructured_mitoC2_draw06	Chr8	3611763	3706926	95163	116	3656061	8.78212017			3701268	2.06813063
mitoC2	unstructured	6	unstructured_mitoC2_draw06	Chr9	2588656	2649165	60509	175	2614696	33.07368553			2642530	3.50314841
mitoC2	unstructured	6	unstructured_mitoC2_draw06	Chr9	9631887	9646600	14713	87	9638038	19.2310886			9638038	3.07864175
mitoC2	unstructured	6	unstructured_mitoC2_draw06	Chr9	3117909	3122486	4577	26	3119285	10.59606799			3118844	3.32359924
mitoC2	unstructured	6	unstructured_mitoC2_draw06	Chr9	8650641	8655847	5206	33	8651826	9.18185405			8650891	3.10043058
mitoC2	unstructured	6	unstructured_mitoC2_draw06	Chr9	8676269	8682948	6679	41	8679813	9.01872698			8676678	2.49158211
mitoC2	unstructured	7	unstructured_mitoC2_draw07	Chr1	6159679	6184886	25207	140	6165188	18.19334587			6161628	3.04903839
mitoC2	unstructured	7	unstructured_mitoC2_draw07	Chr1	6334039	6352795	18756	63	6339786	14.9664313			6336813	3.0720603
mitoC2	unstructured	7	unstructured_mitoC2_draw07	Chr1	8095187	8109593	14406	74	8097146	14.34917062			8095367	3.79217182
mitoC2	unstructured	7	unstructured_mitoC2_draw07	Chr1	224697	235425	10728	39	227308	8.89010913			227209	2.70874758
mitoC2	unstructured	7	unstructured_mitoC2_draw07	Chr1	12212352	12215250	2898	22	12213312	8.8187199			12213272	4.59541474
mitoC2	unstructured	7	unstructured_mitoC2_draw07	Chr10	2669515	3048237	378722	663	2927938	67.43749012			2749229	2.01835967
mitoC2	unstructured	7	unstructured_mitoC2_draw07	Chr10	8513480	8516854	3374	28	8514313	8.75564509			8513636	2.37627641
mitoC2	unstructured	7	unstructured_mitoC2_draw07	Chr11	4949388	5176450	227062	513	5103163	144.15255011			5134403	3.89189485
mitoC2	unstructured	7	unstructured_mitoC2_draw07	Chr11	5520352	5541494	21142	87	5527903	27.35343555			5520659	2.26687173
mitoC2	unstructured	7	unstructured_mitoC2_draw07	Chr12	3783713	3817568	33855	138	3795988	24.06493319			3810777	4.79733744
mitoC2	unstructured	7	unstructured_mitoC2_draw07	Chr12	8638332	8650969	12637	60	8644702	13.37602306			8640195	3.33653534
mitoC2	unstructured	7	unstructured_mitoC2_draw07	Chr12	3463305	3476326	13021	81	3466208	9.15064414			3465802	3.27967786
mitoC2	unstructured	7	unstructured_mitoC2_draw07	Chr13	10248197	10280340	32143	115	10267816	18.56380941			10265975	2.99151844
mitoC2	unstructured	7	unstructured_mitoC2_draw07	Chr13	5020033	5028069	8036	58	5022878	13.48615472			5022764	4.16374396
mitoC2	unstructured	7	unstructured_mitoC2_draw07	Chr13	6964112	6971246	7134	27	6967742	11.405267			6965706	3.04104613
mitoC2	unstructured	7	unstructured_mitoC2_draw07	Chr13	5028593	5035538	6945	35	5029328	9.47930408			5028702	4.00502998
mitoC2	unstructured	7	unstructured_mitoC2_draw07	Chr14	983009	1245695	262686	1054	1146639	257.93512264			1100446	2.86217371
mitoC2	unstructured	7	unstructured_mitoC2_draw07	Chr14	579886	662361	82475	253	599397	41.0101905			591857	2.37484234
mitoC2	unstructured	7	unstructured_mitoC2_draw07	Chr14	505658	539690	34032	92	529228	14.30625244			512955	2.53184523
mitoC2	unstructured	7	unstructured_mitoC2_draw07	Chr14	3082219	3096947	14728	78	3090197	13.30719619			3083856	2.44576353
mitoC2	unstructured	7	unstructured_mitoC2_draw07	Chr14	554305	579240	24935	37	566054	9.39015603			559812	2.69475758
mitoC2	unstructured	7	unstructured_mitoC2_draw07	Chr14	4012591	4021336	8745	49	4013907	9.19299435			4016656	3.24237679
mitoC2	unstructured	7	unstructured_mitoC2_draw07	Chr15	9263556	9300370	36814	190	9287898	28.09018418			9272559	3.11044581
mitoC2	unstructured	7	unstructured_mitoC2_draw07	Chr15	6892490	6900706	8216	46	6895954	13.14874488			6893990	3.80197928
mitoC2	unstructured	7	unstructured_mitoC2_draw07	Chr15	7903835	7907415	3580	37	7903949	12.60123153			7903852	3.4346511
mitoC2	unstructured	7	unstructured_mitoC2_draw07	Chr15	5429491	5435082	5591	45	5432822	12.19679821			5432822	3.01818724
mitoC2	unstructured	7	unstructured_mitoC2_draw07	Chr15	9778769	9782965	4196	35	9780311	11.02584479			9779036	2.75268729
mitoC2	unstructured	7	unstructured_mitoC2_draw07	Chr15	5644560	5649750	5190	39	5647140	10.27941313			5645381	3.23775192
mitoC2	unstructured	7	unstructured_mitoC2_draw07	Chr15	6767113	6774247	7134	33	6768226	8.58294062			6767973	2.05764953
mitoC2	unstructured	7	unstructured_mitoC2_draw07	Chr16	5810087	5818342	8255	94	5813461	10.94555491			5811298	2.27760595
mitoC2	unstructured	7	unstructured_mitoC2_draw07	Chr16	5964360	5972880	8520	38	5970660	9.02342659			5966445	3.69381344
mitoC2	unstructured	7	unstructured_mitoC2_draw07	Chr17	5007121	5050266	43145	171	5031938	38.18685655			5017646	3.59965704
mitoC2	unstructured	7	unstructured_mitoC2_draw07	Chr17	5737637	5759781	22144	70	5747194	22.63390455			5743615	3.20264043
mitoC2	unstructured	7	unstructured_mitoC2_draw07	Chr17	5097083	5113969	16886	67	5105041	20.93232896			5098330	3.30521658
mitoC2	unstructured	7	unstructured_mitoC2_draw07	Chr17	6934661	6948542	13881	49	6943018	13.15005602			6934712	2.68546011
mitoC2	unstructured	7	unstructured_mitoC2_draw07	Chr17	6916872	6919887	3015	37	6917277	11.60244697			6917143	2.66682582
mitoC2	unstructured	7	unstructured_mitoC2_draw07	Chr17	8837386	8864636	27250	50	8851715	10.70126454			8837921	2.77519441
mitoC2	unstructured	7	unstructured_mitoC2_draw07	Chr18	6989448	6993118	3670	45	6990361	13.28988903			6990199	3.44651377
mitoC2	unstructured	7	unstructured_mitoC2_draw07	Chr18	4000396	4005579	5183	25	4000674	7.55514366			4000562	2.14052665
mitoC2	unstructured	7	unstructured_mitoC2_draw07	Chr19	6076331	6104273	27942	69	6090675	13.32137859			6080261	3.6890795
mitoC2	unstructured	7	unstructured_mitoC2_draw07	Chr2	2454521	2603224	148703	315	2596389	51.65602099			2490623	2.28118836
mitoC2	unstructured	7	unstructured_mitoC2_draw07	Chr2	7231897	7253973	22076	79	7237777	23.89488765			7234913	4.91163433
mitoC2	unstructured	7	unstructured_mitoC2_draw07	Chr2	2630988	2813483	182495	345	2806732	21.52634809			2802916	2.76360564
mitoC2	unstructured	7	unstructured_mitoC2_draw07	Chr2	3247826	3255093	7267	55	3252048	19.62100692			3250304	3.5934013
mitoC2	unstructured	7	unstructured_mitoC2_draw07	Chr2	130733	274843	144110	197	261952	12.14443			270485	2.27033972
mitoC2	unstructured	7	unstructured_mitoC2_draw07	Chr2	10949954	10964525	14571	90	10950884	11.51759514			10950015	4.59601591
mitoC2	unstructured	7	unstructured_mitoC2_draw07	Chr2	16604434	16616072	11638	72	16609416	10.99110245			16613715	3.17726403
mitoC2	unstructured	7	unstructured_mitoC2_draw07	Chr2	16149999	16162033	12034	67	16156139	10.87672995			16151299	3.41568816
mitoC2	unstructured	7	unstructured_mitoC2_draw07	Chr2	2117833	2189118	71285	114	2157235	10.83260336			2146356	2.21192354
mitoC2	unstructured	7	unstructured_mitoC2_draw07	Chr2	2069100	2106485	37385	78	2091937	9.52615692			2091792	1.71528501
mitoC2	unstructured	7	unstructured_mitoC2_draw07	Chr2	5391507	5395032	3525	25	5391780	8.6900955			5391647	2.01236381
mitoC2	unstructured	7	unstructured_mitoC2_draw07	Chr2	614219	658563	44344	64	642758	8.64184393			641530	2.13236742
mitoC2	unstructured	7	unstructured_mitoC2_draw07	Chr2	6197942	6199611	1669	22	6198521	8.61288293			6198521	2.71601421
mitoC2	unstructured	7	unstructured_mitoC2_draw07	Chr20	5025691	5046052	20361	100	5035567	11.07815921			5035347	4.59073971
mitoC2	unstructured	7	unstructured_mitoC2_draw07	Chr20	5222163	5228345	6182	33	5223880	9.56128327			5223847	3.04758587
mitoC2	unstructured	7	unstructured_mitoC2_draw07	Chr20	9489585	9497262	7677	38	9491116	9.45637115			9490572	2.93464185
mitoC2	unstructured	7	unstructured_mitoC2_draw07	Chr20	8974941	8981572	6631	34	8979818	9.09568477			8978786	3.62475818
mitoC2	unstructured	7	unstructured_mitoC2_draw07	Chr21	10016341	10082244	65903	145	10068107	19.37003669			10055402	3.02861746
mitoC2	unstructured	7	unstructured_mitoC2_draw07	Chr21	9712813	9729198	16385	97	9721127	17.19254063			9715106	4.99191627
mitoC2	unstructured	7	unstructured_mitoC2_draw07	Chr21	8234074	8238587	4513	33	8235458	10.69286517			8235442	4.40959602
mitoC2	unstructured	7	unstructured_mitoC2_draw07	Chr21	7122939	7130153	7214	37	7124241	10.45544376			7124217	3.52887407
mitoC2	unstructured	7	unstructured_mitoC2_draw07	Chr22	4673418	4688248	14830	80	4683455	18.04928341			4678609	2.88016214
mitoC2	unstructured	7	unstructured_mitoC2_draw07	Chr22	6452410	6458098	5688	38	6454061	9.65381761			6452740	3.2855913
mitoC2	unstructured	7	unstructured_mitoC2_draw07	Chr22	3014090	3027360	13270	56	3014521	9.23526106			3023232	3.09222643
mitoC2	unstructured	7	unstructured_mitoC2_draw07	Chr22	6892849	6897962	5113	20	6893222	8.47599733			6892929	4.09604618
mitoC2	unstructured	7	unstructured_mitoC2_draw07	Chr22	2567719	2575846	8127	47	2571882	8.26785413			2568203	3.04422915
mitoC2	unstructured	7	unstructured_mitoC2_draw07	Chr24	1088822	1100926	12104	36	1090547	11.78369614			1089092	3.77809139
mitoC2	unstructured	7	unstructured_mitoC2_draw07	Chr24	5296303	5302735	6432	45	5297478	9.64223094			5297020	3.50100408
mitoC2	unstructured	7	unstructured_mitoC2_draw07	Chr25	10090437	10097245	6808	49	10092902	10.82835244			10092193	3.4899937
mitoC2	unstructured	7	unstructured_mitoC2_draw07	Chr25	8603417	8613071	9654	34	8608726	9.24231883			8607962	2.81385033
mitoC2	unstructured	7	unstructured_mitoC2_draw07	Chr25	12364783	12370418	5635	27	12368404	9.09524036			12368404	2.88375424
mitoC2	unstructured	7	unstructured_mitoC2_draw07	Chr25	8618896	8621750	2854	31	8620254	8.82553724			8619761	2.2301065
mitoC2	unstructured	7	unstructured_mitoC2_draw07	Chr25	10726016	10733119	7103	24	10728192	8.77669489			10727855	3.96738331
mitoC2	unstructured	7	unstructured_mitoC2_draw07	Chr26	9881072	9958980	77908	114	9958246	30.77341363			9958246	3.23943923
mitoC2	unstructured	7	unstructured_mitoC2_draw07	Chr26	4737394	4951035	213641	361	4902046	18.98737009			4885567	1.71278671
mitoC2	unstructured	7	unstructured_mitoC2_draw07	Chr26	9846291	9859677	13386	63	9854566	15.42336275			9852322	2.88154
mitoC2	unstructured	7	unstructured_mitoC2_draw07	Chr27	3592113	3610902	18789	49	3601173	13.96283902			3594180	4.39777834
mitoC2	unstructured	7	unstructured_mitoC2_draw07	Chr27	3429379	3433685	4306	41	3430714	11.96158552			3429395	3.46451964
mitoC2	unstructured	7	unstructured_mitoC2_draw07	Chr27	5561262	5567412	6150	40	5564672	9.76955951			5563968	2.78281283
mitoC2	unstructured	7	unstructured_mitoC2_draw07	Chr27	3539441	3546074	6633	46	3542073	8.91744851			3539895	1.65399852
mitoC2	unstructured	7	unstructured_mitoC2_draw07	Chr3	6315806	6457693	141887	283	6355862	17.1726329			6412403	1.8766393
mitoC2	unstructured	7	unstructured_mitoC2_draw07	Chr3	9844500	9851246	6746	54	9846552	13.9438323			9846410	4.59083129
mitoC2	unstructured	7	unstructured_mitoC2_draw07	Chr3	12826299	12836434	10135	46	12829890	13.63289886			12829131	3.2009372
mitoC2	unstructured	7	unstructured_mitoC2_draw07	Chr3	4974167	4979525	5358	33	4975523	11.79136878			4974612	4.51675595
mitoC2	unstructured	7	unstructured_mitoC2_draw07	Chr3	15753733	15795871	42138	63	15794156	11.43681825			15762289	2.51167664
mitoC2	unstructured	7	unstructured_mitoC2_draw07	Chr3	13393856	13403181	9325	48	13396620	10.77891843			13395159	4.40309033
mitoC2	unstructured	7	unstructured_mitoC2_draw07	Chr3	4237657	4244326	6669	59	4239486	10.62971699			4239479	3.11545287
mitoC2	unstructured	7	unstructured_mitoC2_draw07	Chr3	10648482	10652902	4420	27	10649969	10.1367436			10649443	4.65239745
mitoC2	unstructured	7	unstructured_mitoC2_draw07	Chr3	9600814	9604311	3497	39	9601865	9.40448919			9601688	4.2717809
mitoC2	unstructured	7	unstructured_mitoC2_draw07	Chr3	4918517	4922789	4272	36	4921098	8.65169921			4919092	3.16038397
mitoC2	unstructured	7	unstructured_mitoC2_draw07	Chr3	13469115	13473031	3916	17	13470899	8.49105342			13469757	3.03911223
mitoC2	unstructured	7	unstructured_mitoC2_draw07	Chr4	11570784	11604746	33962	146	11591836	21.1042066			11587369	4.6524182
mitoC2	unstructured	7	unstructured_mitoC2_draw07	Chr4	11515885	11520420	4535	41	11518021	12.65735127			11517015	5.78600082
mitoC2	unstructured	7	unstructured_mitoC2_draw07	Chr4	6765341	6769259	3918	29	6765509	11.10197595			6765450	4.26462396
mitoC2	unstructured	7	unstructured_mitoC2_draw07	Chr4	16006624	16021007	14383	27	16008806	10.39970732			16007369	3.70902051
mitoC2	unstructured	7	unstructured_mitoC2_draw07	Chr4	8736621	8742671	6050	41	8738718	10.11365767			8736845	3.21250631
mitoC2	unstructured	7	unstructured_mitoC2_draw07	Chr4	9528876	9533678	4802	29	9529367	9.40508554			9528986	5.51467027
mitoC2	unstructured	7	unstructured_mitoC2_draw07	Chr4	9390539	9396963	6424	51	9394698	9.2614439			9390880	3.70606412
mitoC2	unstructured	7	unstructured_mitoC2_draw07	Chr4	11804702	11811919	7217	48	11808208	9.20917867			11807854	2.82052257
mitoC2	unstructured	7	unstructured_mitoC2_draw07	Chr4	13277437	13285109	7672	33	13281270	9.18609585			13278610	3.00004929
mitoC2	unstructured	7	unstructured_mitoC2_draw07	Chr5	5253701	5265690	11989	100	5258885	25.20655473			5254528	3.31237812
mitoC2	unstructured	7	unstructured_mitoC2_draw07	Chr5	7381430	7384741	3311	28	7381852	9.49216086			7381445	3.91548277
mitoC2	unstructured	7	unstructured_mitoC2_draw07	Chr5	6955125	6958007	2882	23	6956101	8.45845285			6955932	2.49341093
mitoC2	unstructured	7	unstructured_mitoC2_draw07	Chr6	6198694	6212398	13704	61	6202423	14.04016075			6209837	2.8945648
mitoC2	unstructured	7	unstructured_mitoC2_draw07	Chr6	4286609	4314977	28368	79	4300716	10.45484648			4293019	5.60265749
mitoC2	unstructured	7	unstructured_mitoC2_draw07	Chr6	7350422	7354570	4148	42	7351154	9.36247062			7351154	2.48942312
mitoC2	unstructured	7	unstructured_mitoC2_draw07	Chr6	4397989	4402655	4666	43	4399624	9.20229718			4399624	2.90293891
mitoC2	unstructured	7	unstructured_mitoC2_draw07	Chr7	10185936	10194813	8877	66	10187698	22.10628701			10186962	3.69165578
mitoC2	unstructured	7	unstructured_mitoC2_draw07	Chr7	8354995	8359936	4941	53	8356045	20.31075111			8355420	3.7875564
mitoC2	unstructured	7	unstructured_mitoC2_draw07	Chr7	10688528	10722121	33593	124	10717606	14.83725572			10717264	3.82111485
mitoC2	unstructured	7	unstructured_mitoC2_draw07	Chr7	5850893	5857255	6362	59	5852828	14.71472205			5852702	3.90748758
mitoC2	unstructured	7	unstructured_mitoC2_draw07	Chr7	9371659	9384700	13041	43	9377502	9.5264804			9377271	3.42228979
mitoC2	unstructured	7	unstructured_mitoC2_draw07	Chr7	6089870	6093047	3177	25	6090170	9.43371619			6090140	2.69472192
mitoC2	unstructured	7	unstructured_mitoC2_draw07	Chr7	6588001	6591228	3227	23	6588390	9.39847533			6588369	4.02744612
mitoC2	unstructured	7	unstructured_mitoC2_draw07	Chr7	6888692	6893935	5243	42	6889759	8.91951972			6888819	3.01575374
mitoC2	unstructured	7	unstructured_mitoC2_draw07	Chr8	9973442	9982958	9516	48	9973598	13.04393987			9976374	3.02144781
mitoC2	unstructured	7	unstructured_mitoC2_draw07	Chr8	9551719	9572003	20284	78	9559109	12.33252574			9552465	3.888266
mitoC2	unstructured	7	unstructured_mitoC2_draw07	Chr8	11655776	11662189	6413	26	11656226	10.51694094			11656093	3.04305963
mitoC2	unstructured	7	unstructured_mitoC2_draw07	Chr8	7550865	7557446	6581	29	7551620	8.77687928			7550985	2.71675919
mitoC2	unstructured	7	unstructured_mitoC2_draw07	Chr8	12433953	12446240	12287	33	12437446	8.72932141			12433955	3.1279924
mitoC2	unstructured	7	unstructured_mitoC2_draw07	Chr8	7982811	7985366	2555	20	7983616	8.17416112			7983616	4.30524434
mitoC2	unstructured	7	unstructured_mitoC2_draw07	Chr9	5863936	5878460	14524	78	5873918	8.79577708			5865311	4.85023568
mitoC2	unstructured	8	unstructured_mitoC2_draw08	Chr1	827293	832777	5484	40	828139	11.50405414			827831	3.50615608
mitoC2	unstructured	8	unstructured_mitoC2_draw08	Chr1	1311640	1314766	3126	27	1312187	9.91152789			1312187	4.08818063
mitoC2	unstructured	8	unstructured_mitoC2_draw08	Chr1	7861735	7869806	8071	58	7865237	9.35071667			7864723	2.76901673
mitoC2	unstructured	8	unstructured_mitoC2_draw08	Chr1	7441800	7444171	2371	20	7441876	9.0587946			7441865	2.89108009
mitoC2	unstructured	8	unstructured_mitoC2_draw08	Chr1	16075958	16078673	2715	25	16076832	8.75796322			16076832	2.0159946
mitoC2	unstructured	8	unstructured_mitoC2_draw08	Chr1	7183516	7191266	7750	85	7184658	8.50238997			7183524	3.86377026
mitoC2	unstructured	8	unstructured_mitoC2_draw08	Chr10	6056669	7871196	1814527	1355	6388999	111.40369647			7852587	2.41667053
mitoC2	unstructured	8	unstructured_mitoC2_draw08	Chr10	8544181	8549832	5651	42	8546942	12.85497104			8544699	3.77501857
mitoC2	unstructured	8	unstructured_mitoC2_draw08	Chr10	13496345	13508885	12540	60	13501091	10.30206811			13497593	2.60010494
mitoC2	unstructured	8	unstructured_mitoC2_draw08	Chr10	11294245	11317814	23569	91	11300447	9.64209908			11310770	3.11855367
mitoC2	unstructured	8	unstructured_mitoC2_draw08	Chr10	11746267	11751936	5669	45	11749803	9.314385			11746318	2.91166368
mitoC2	unstructured	8	unstructured_mitoC2_draw08	Chr11	10876951	10885687	8736	79	10879795	12.82458393			10879545	2.71633037
mitoC2	unstructured	8	unstructured_mitoC2_draw08	Chr11	10858648	10862408	3760	26	10859508	11.58570201			10859428	3.57784179
mitoC2	unstructured	8	unstructured_mitoC2_draw08	Chr11	7518777	7522706	3929	39	7519865	11.18260707			7519746	3.13231652
mitoC2	unstructured	8	unstructured_mitoC2_draw08	Chr11	8502138	8508593	6455	32	8504375	8.28678452			8502919	3.08650919
mitoC2	unstructured	8	unstructured_mitoC2_draw08	Chr12	9802022	9809574	7552	60	9805594	11.45042271			9805594	3.00505116
mitoC2	unstructured	8	unstructured_mitoC2_draw08	Chr12	5199582	5214132	14550	86	5204681	10.24562901			5203673	4.0418856
mitoC2	unstructured	8	unstructured_mitoC2_draw08	Chr12	6318478	6326702	8224	36	6322337	9.55345373			6320372	4.4167044
mitoC2	unstructured	8	unstructured_mitoC2_draw08	Chr12	7382721	7387892	5171	26	7384361	8.55452623			7384035	3.6005071
mitoC2	unstructured	8	unstructured_mitoC2_draw08	Chr13	8032467	8037889	5422	43	8033704	16.51111318			8032564	4.10794659
mitoC2	unstructured	8	unstructured_mitoC2_draw08	Chr14	2979662	2986597	6935	35	2982304	11.54387638			2982036	2.6335024
mitoC2	unstructured	8	unstructured_mitoC2_draw08	Chr15	7053836	7058407	4571	38	7055577	8.74612889			7054675	3.44542894
mitoC2	unstructured	8	unstructured_mitoC2_draw08	Chr15	10116626	10133737	17111	47	10124822	8.34452566			10124232	2.69858982
mitoC2	unstructured	8	unstructured_mitoC2_draw08	Chr16	6764719	6841433	76714	185	6790998	19.12110272			6775991	2.24306149
mitoC2	unstructured	8	unstructured_mitoC2_draw08	Chr16	5828092	5833775	5683	56	5830452	9.5462191			5828757	2.97636512
mitoC2	unstructured	8	unstructured_mitoC2_draw08	Chr16	9525204	9537819	12615	72	9534132	9.20839035			9526683	3.19188251
mitoC2	unstructured	8	unstructured_mitoC2_draw08	Chr16	10297303	10301826	4523	31	10297666	8.58128901			10297512	2.59291635
mitoC2	unstructured	8	unstructured_mitoC2_draw08	Chr17	9765529	9781070	15541	78	9778120	11.62954901			9775718	2.88317444
mitoC2	unstructured	8	unstructured_mitoC2_draw08	Chr19	2651915	2658364	6449	55	2654299	10.1382709			2653185	4.57912443
mitoC2	unstructured	8	unstructured_mitoC2_draw08	Chr19	7008766	7013548	4782	45	7011130	9.34931337			7010298	3.24242568
mitoC2	unstructured	8	unstructured_mitoC2_draw08	Chr19	3534422	3538304	3882	31	3534845	7.68943515			3534802	3.7084088
mitoC2	unstructured	8	unstructured_mitoC2_draw08	Chr2	16553443	16568803	15360	105	16560030	12.12826542			16557840	3.26270652
mitoC2	unstructured	8	unstructured_mitoC2_draw08	Chr2	10141739	10149562	7823	40	10146356	11.86685199			10143688	2.81155531
mitoC2	unstructured	8	unstructured_mitoC2_draw08	Chr2	16155574	16165194	9620	41	16156264	11.76350677			16155622	3.2089859
mitoC2	unstructured	8	unstructured_mitoC2_draw08	Chr2	4259913	4277612	17699	64	4269742	10.99872122			4267461	3.24692159
mitoC2	unstructured	8	unstructured_mitoC2_draw08	Chr2	6511034	6517281	6247	38	6513015	10.72369862			6511171	2.76239022
mitoC2	unstructured	8	unstructured_mitoC2_draw08	Chr2	3975410	3980593	5183	43	3977736	10.59863329			3977211	3.9504769
mitoC2	unstructured	8	unstructured_mitoC2_draw08	Chr2	14328907	14337153	8246	43	14334124	10.34616575			14329387	2.89435318
mitoC2	unstructured	8	unstructured_mitoC2_draw08	Chr2	11689361	11698654	9293	47	11695279	10.08957394			11694602	4.41418023
mitoC2	unstructured	8	unstructured_mitoC2_draw08	Chr20	8626698	8633316	6618	38	8628440	8.78224221			8628035	2.97395411
mitoC2	unstructured	8	unstructured_mitoC2_draw08	Chr21	3702344	3717685	15341	46	3703579	15.9254715			3703550	2.98395559
mitoC2	unstructured	8	unstructured_mitoC2_draw08	Chr21	6365035	6377141	12106	65	6373726	11.65528051			6372638	3.19526758
mitoC2	unstructured	8	unstructured_mitoC2_draw08	Chr21	9839912	9847410	7498	41	9843101	10.08187741			9840760	3.94076257
mitoC2	unstructured	8	unstructured_mitoC2_draw08	Chr22	2098610	2236063	137453	364	2153025	105.00734358			2116944	2.8390243
mitoC2	unstructured	8	unstructured_mitoC2_draw08	Chr22	1408587	1852461	443874	114	1468608	25.42209738			1723086	2.72086422
mitoC2	unstructured	8	unstructured_mitoC2_draw08	Chr22	7377654	7423384	45730	92	7381538	10.78487659			7418696	4.251313
mitoC2	unstructured	8	unstructured_mitoC2_draw08	Chr22	3328120	3334899	6779	49	3331637	10.69655129			3328955	3.62964879
mitoC2	unstructured	8	unstructured_mitoC2_draw08	Chr24	1984086	2108584	124498	223	2026681	44.42387726			2020809	4.60415629
mitoC2	unstructured	8	unstructured_mitoC2_draw08	Chr24	2932756	2941827	9071	35	2933574	9.22067035			2933181	3.96784987
mitoC2	unstructured	8	unstructured_mitoC2_draw08	Chr24	1766714	1786151	19437	69	1785684	8.65429287			1785684	2.28110123
mitoC2	unstructured	8	unstructured_mitoC2_draw08	Chr24	1969134	1976718	7584	30	1972555	8.03755627			1971846	2.72360158
mitoC2	unstructured	8	unstructured_mitoC2_draw08	Chr25	3633738	8105963	4472225	7912	6893529	640.28587372			7723841	3.00938463
mitoC2	unstructured	8	unstructured_mitoC2_draw08	Chr25	15498	3110904	3095406	1607	2636757	103.22684247			3014037	1.97504188
mitoC2	unstructured	8	unstructured_mitoC2_draw08	Chr25	11541152	11545621	4469	49	11541882	16.32700571			11541882	2.12241018
mitoC2	unstructured	8	unstructured_mitoC2_draw08	Chr25	3586229	3632699	46470	86	3631493	12.21794839			3586385	2.09462035
mitoC2	unstructured	8	unstructured_mitoC2_draw08	Chr25	9777896	9783669	5773	43	9779479	12.16788353			9778825	3.80558454
mitoC2	unstructured	8	unstructured_mitoC2_draw08	Chr25	12456594	12480114	23520	78	12464723	11.42082129			12460195	3.2079532
mitoC2	unstructured	8	unstructured_mitoC2_draw08	Chr26	8917253	8942550	25297	97	8932699	17.46396865			8919720	3.13961986
mitoC2	unstructured	8	unstructured_mitoC2_draw08	Chr27	3105607	3244343	138736	314	3206839	56.94680623			3177409	3.17007674
mitoC2	unstructured	8	unstructured_mitoC2_draw08	Chr27	3318052	3325050	6998	30	3319139	9.5512856			3318199	3.2859133
mitoC2	unstructured	8	unstructured_mitoC2_draw08	Chr27	2705386	2803769	98383	307	2763390	8.3723198			2733724	1.96010019
mitoC2	unstructured	8	unstructured_mitoC2_draw08	Chr27	4127386	4134289	6903	46	4131141	8.21713239			4131141	3.20660077
mitoC2	unstructured	8	unstructured_mitoC2_draw08	Chr3	9794300	9803314	9014	63	9797687	16.48148782			9797687	3.21701476
mitoC2	unstructured	8	unstructured_mitoC2_draw08	Chr3	3297578	3308808	11230	64	3299297	10.82422572			3298661	3.29633014
mitoC2	unstructured	8	unstructured_mitoC2_draw08	Chr3	3175000	3178765	3765	29	3175214	10.36886338			3175120	3.04852662
mitoC2	unstructured	8	unstructured_mitoC2_draw08	Chr3	9597815	9600176	2361	21	9598076	9.01220234			9597961	3.49150297
mitoC2	unstructured	8	unstructured_mitoC2_draw08	Chr3	12671230	12674417	3187	22	12671717	8.83943245			12671533	3.7802006
mitoC2	unstructured	8	unstructured_mitoC2_draw08	Chr3	3931751	3937351	5600	48	3934654	8.80746974			3934367	2.62544743
mitoC2	unstructured	8	unstructured_mitoC2_draw08	Chr4	12668219	12695598	27379	109	12687776	24.20302088			12680889	3.64244258
mitoC2	unstructured	8	unstructured_mitoC2_draw08	Chr4	14359347	14371746	12399	100	14361276	19.10479749			14360670	3.51332866
mitoC2	unstructured	8	unstructured_mitoC2_draw08	Chr4	5478971	5487633	8662	46	5480399	14.11518592			5480035	3.21179311
mitoC2	unstructured	8	unstructured_mitoC2_draw08	Chr4	5356212	5364169	7957	56	5360828	13.35218708			5358432	3.25795713
mitoC2	unstructured	8	unstructured_mitoC2_draw08	Chr4	7116307	7118924	2617	28	7117090	10.9404326			7116668	4.24157965
mitoC2	unstructured	8	unstructured_mitoC2_draw08	Chr4	7012641	7018845	6204	36	7014200	9.93006648			7013628	3.18853153
mitoC2	unstructured	8	unstructured_mitoC2_draw08	Chr4	7008868	7012467	3599	22	7010539	9.34641867			7010312	3.86809317
mitoC2	unstructured	8	unstructured_mitoC2_draw08	Chr4	12170986	12175168	4182	33	12171990	9.15583935			12171841	4.15180279
mitoC2	unstructured	8	unstructured_mitoC2_draw08	Chr4	14853078	14858835	5757	27	14853540	8.55308836			14853503	2.87197364
mitoC2	unstructured	8	unstructured_mitoC2_draw08	Chr5	9317189	9324846	7657	43	9319317	14.09191093			9318101	3.02425753
mitoC2	unstructured	8	unstructured_mitoC2_draw08	Chr5	6574299	6580391	6092	39	6575166	9.39024767			6579568	4.14063462
mitoC2	unstructured	8	unstructured_mitoC2_draw08	Chr5	8266949	8281001	14052	40	8270937	8.63548946			8268405	3.90186459
mitoC2	unstructured	8	unstructured_mitoC2_draw08	Chr6	7916821	7922244	5423	27	7917868	12.63152056			7917807	3.43697438
mitoC2	unstructured	8	unstructured_mitoC2_draw08	Chr6	10351277	10376066	24789	63	10361405	11.86140063			10352885	3.08803909
mitoC2	unstructured	8	unstructured_mitoC2_draw08	Chr6	5395104	5414627	19523	40	5399687	11.54806018			5399172	2.666815
mitoC2	unstructured	8	unstructured_mitoC2_draw08	Chr6	5650099	5654040	3941	46	5650857	11.28564281			5650748	2.41803565
mitoC2	unstructured	8	unstructured_mitoC2_draw08	Chr7	7144171	7177136	32965	134	7157226	40.79338703			7152081	4.45366599
mitoC2	unstructured	8	unstructured_mitoC2_draw08	Chr7	9638358	9643881	5523	35	9638805	13.86892885			9638617	3.21945777
mitoC2	unstructured	8	unstructured_mitoC2_draw08	Chr7	6263847	6285704	21857	59	6270978	9.26898587			6264152	2.75399497
mitoC2	unstructured	8	unstructured_mitoC2_draw08	Chr8	9031525	9033108	1583	24	9031689	9.23663886			9031559	3.23458418
mitoC2	unstructured	8	unstructured_mitoC2_draw08	Chr8	10736707	10750078	13371	64	10745513	9.1619607			10745084	3.15172287
mitoC2	unstructured	8	unstructured_mitoC2_draw08	Chr9	2587651	2642130	54479	146	2626152	30.77852756			2622605	3.66249149
mitoC2	unstructured	8	unstructured_mitoC2_draw08	Chr9	9162633	9184782	22149	111	9173054	19.48845206			9167628	4.02337236
mitoC2	unstructured	8	unstructured_mitoC2_draw08	Chr9	10069338	10075864	6526	40	10069862	12.49573215			10069815	2.1246054
mitoC2	unstructured	8	unstructured_mitoC2_draw08	Chr9	8924593	8928132	3539	38	8925719	11.79586752			8925295	3.83633355
mitoC2	unstructured	8	unstructured_mitoC2_draw08	Chr9	10121519	10128492	6973	31	10124691	10.02439392			10123716	3.28081838
mitoC2	unstructured	8	unstructured_mitoC2_draw08	Chr9	6762684	6766174	3490	23	6763550	8.72603203			6763042	3.38922216
mitoC2	unstructured	9	unstructured_mitoC2_draw09	Chr1	14345444	14353661	8217	64	14346806	20.64692738			14346504	4.15370783
mitoC2	unstructured	9	unstructured_mitoC2_draw09	Chr1	12156729	12161360	4631	35	12157503	12.84273011			12156813	2.98848339
mitoC2	unstructured	9	unstructured_mitoC2_draw09	Chr1	1930786	1935726	4940	31	1930919	10.22818325			1930903	4.53171661
mitoC2	unstructured	9	unstructured_mitoC2_draw09	Chr1	7095953	7099503	3550	40	7096419	10.19771236			7096419	3.25045711
mitoC2	unstructured	9	unstructured_mitoC2_draw09	Chr1	2074951	2079072	4121	38	2076627	9.57409867			2074965	2.24825537
mitoC2	unstructured	9	unstructured_mitoC2_draw09	Chr1	13671916	13674088	2172	24	13671980	9.36245509			13671977	2.38358305
mitoC2	unstructured	9	unstructured_mitoC2_draw09	Chr1	15200829	15214864	14035	34	15208194	8.96755761			15201334	2.67721993
mitoC2	unstructured	9	unstructured_mitoC2_draw09	Chr10	2496965	8803119	6306154	11640	7818408	2465.7588845			2869290	4.28051984
mitoC2	unstructured	9	unstructured_mitoC2_draw09	Chr10	13095135	13100245	5110	32	13097050	10.96842262			13097050	3.63537259
mitoC2	unstructured	9	unstructured_mitoC2_draw09	Chr11	9566538	9578206	11668	72	9571281	14.11107963			9570175	3.4387226
mitoC2	unstructured	9	unstructured_mitoC2_draw09	Chr11	6592543	6605228	12685	38	6597468	13.01384163			6596912	3.06939795
mitoC2	unstructured	9	unstructured_mitoC2_draw09	Chr11	8281929	8289160	7231	59	8283233	11.26394965			8282074	3.23740349
mitoC2	unstructured	9	unstructured_mitoC2_draw09	Chr11	10314487	10327443	12956	87	10323405	10.95008053			10318663	4.34757421
mitoC2	unstructured	9	unstructured_mitoC2_draw09	Chr12	5259579	5268861	9282	68	5261477	12.55421705			5259593	3.62008258
mitoC2	unstructured	9	unstructured_mitoC2_draw09	Chr12	4188114	4236454	48340	86	4219979	11.99326748			4192577	3.45755986
mitoC2	unstructured	9	unstructured_mitoC2_draw09	Chr12	11027828	11052800	24972	79	11035109	10.90495409			11034594	2.5193968
mitoC2	unstructured	9	unstructured_mitoC2_draw09	Chr12	9060914	9077287	16373	59	9069933	8.8032423			9076186	3.22796808
mitoC2	unstructured	9	unstructured_mitoC2_draw09	Chr12	8390066	8394111	4045	32	8391954	8.19551343			8391685	2.88025498
mitoC2	unstructured	9	unstructured_mitoC2_draw09	Chr13	10408385	10415303	6918	50	10410081	12.11732753			10408567	3.16824101
mitoC2	unstructured	9	unstructured_mitoC2_draw09	Chr13	7755924	7763999	8075	58	7760759	11.62943243			7757266	3.21931649
mitoC2	unstructured	9	unstructured_mitoC2_draw09	Chr13	3891218	3897480	6262	34	3895183	8.91718545			3892692	2.77802435
mitoC2	unstructured	9	unstructured_mitoC2_draw09	Chr14	5151555	5156298	4743	28	5154117	8.07469168			5151679	3.46090711
mitoC2	unstructured	9	unstructured_mitoC2_draw09	Chr15	7517022	7520712	3690	30	7517672	8.52285578			7517173	2.45847356
mitoC2	unstructured	9	unstructured_mitoC2_draw09	Chr16	9777699	9782613	4914	46	9778212	13.31488793			9778210	3.28414243
mitoC2	unstructured	9	unstructured_mitoC2_draw09	Chr16	9689355	9694988	5633	70	9693334	10.70424883			9691726	2.71404837
mitoC2	unstructured	9	unstructured_mitoC2_draw09	Chr17	1717773	1914433	196660	385	1762295	53.63528331			1737103	3.2644942
mitoC2	unstructured	9	unstructured_mitoC2_draw09	Chr17	4762145	4789958	27813	106	4775164	18.68001588			4771032	3.89269269
mitoC2	unstructured	9	unstructured_mitoC2_draw09	Chr17	6144140	6162986	18846	58	6155464	9.76808766			6152118	2.70808997
mitoC2	unstructured	9	unstructured_mitoC2_draw09	Chr18	2802788	2846567	43779	166	2815408	29.73325254			2808965	3.78593471
mitoC2	unstructured	9	unstructured_mitoC2_draw09	Chr18	7962705	7979639	16934	136	7969336	15.96596749			7964145	5.32944115
mitoC2	unstructured	9	unstructured_mitoC2_draw09	Chr18	2943862	2965798	21936	184	2956759	13.78952294			2947700	4.75073532
mitoC2	unstructured	9	unstructured_mitoC2_draw09	Chr18	3640925	3658718	17793	48	3647911	11.89727131			3641410	2.67511466
mitoC2	unstructured	9	unstructured_mitoC2_draw09	Chr18	6550770	6555772	5002	27	6552205	9.65892005			6551432	3.10161365
mitoC2	unstructured	9	unstructured_mitoC2_draw09	Chr18	8106969	8114797	7828	41	8111629	8.9972678			8108336	3.40808252
mitoC2	unstructured	9	unstructured_mitoC2_draw09	Chr18	5127971	5131270	3299	21	5128355	8.61200495			5128302	4.84335709
mitoC2	unstructured	9	unstructured_mitoC2_draw09	Chr18	5372678	5377492	4814	29	5375004	7.99629011			5373290	3.06101079
mitoC2	unstructured	9	unstructured_mitoC2_draw09	Chr18	2921376	2923542	2166	25	2921742	7.84171472			2921493	3.8029301
mitoC2	unstructured	9	unstructured_mitoC2_draw09	Chr19	5581552	5601391	19839	108	5592733	28.77537173			5587859	5.13951261
mitoC2	unstructured	9	unstructured_mitoC2_draw09	Chr19	3411332	3414307	2975	29	3411605	9.58438726			3411604	3.4166915
mitoC2	unstructured	9	unstructured_mitoC2_draw09	Chr19	4984452	4989613	5161	25	4986412	7.83461887			4986412	2.86870239
mitoC2	unstructured	9	unstructured_mitoC2_draw09	Chr2	2467247	2601181	133934	251	2564014	12.72914472			2495391	1.61203821
mitoC2	unstructured	9	unstructured_mitoC2_draw09	Chr2	4861074	4871191	10117	51	4865391	12.63437823			4862375	2.83300985
mitoC2	unstructured	9	unstructured_mitoC2_draw09	Chr2	14771630	14775178	3548	28	14772900	12.05767061			14772628	4.28205588
mitoC2	unstructured	9	unstructured_mitoC2_draw09	Chr2	16365277	16372230	6953	47	16367588	11.39399965			16365784	3.12859013
mitoC2	unstructured	9	unstructured_mitoC2_draw09	Chr2	4002928	4013438	10510	57	4006584	10.63328763			4008643	3.29502146
mitoC2	unstructured	9	unstructured_mitoC2_draw09	Chr20	8115054	8122061	7007	29	8116626	8.55494686			8115460	2.3443504
mitoC2	unstructured	9	unstructured_mitoC2_draw09	Chr21	5965198	5976587	11389	53	5970039	10.37431241			5967021	2.13788163
mitoC2	unstructured	9	unstructured_mitoC2_draw09	Chr21	7483548	7493477	9929	32	7487151	8.48638951			7484932	3.07092403
mitoC2	unstructured	9	unstructured_mitoC2_draw09	Chr22	6370040	6397521	27481	65	6380219	19.74205091			6370893	3.06772715
mitoC2	unstructured	9	unstructured_mitoC2_draw09	Chr22	7007331	7028076	20745	96	7017797	15.89283309			7013784	4.43480084
mitoC2	unstructured	9	unstructured_mitoC2_draw09	Chr22	6218289	6236193	17904	142	6220123	13.13255861			6231541	3.82144261
mitoC2	unstructured	9	unstructured_mitoC2_draw09	Chr22	6347702	6367983	20281	58	6352442	12.15510076			6350885	3.50913051
mitoC2	unstructured	9	unstructured_mitoC2_draw09	Chr22	5356173	5358363	2190	25	5356508	10.82202041			5356427	3.35324052
mitoC2	unstructured	9	unstructured_mitoC2_draw09	Chr22	6588346	6592987	4641	28	6589745	8.68774394			6589200	3.4052579
mitoC2	unstructured	9	unstructured_mitoC2_draw09	Chr22	4187986	4190925	2939	22	4188944	7.83734116			4188032	3.22306769
mitoC2	unstructured	9	unstructured_mitoC2_draw09	Chr25	12295099	12341423	46324	159	12298266	15.15386742			12317522	3.19095396
mitoC2	unstructured	9	unstructured_mitoC2_draw09	Chr25	12883797	12893124	9327	28	12884713	11.84992946			12883961	4.27982723
mitoC2	unstructured	9	unstructured_mitoC2_draw09	Chr26	5163708	5886141	722433	789	5718320	110.31691003			5617354	2.68960892
mitoC2	unstructured	9	unstructured_mitoC2_draw09	Chr26	4462479	4820040	357561	648	4622106	85.6471480799999			4589246	2.23715406
mitoC2	unstructured	9	unstructured_mitoC2_draw09	Chr26	4320601	4460343	139742	279	4449436	47.69097792			4377223	2.86049261
mitoC2	unstructured	9	unstructured_mitoC2_draw09	Chr26	7187657	7266665	79008	152	7244417	18.13510039			7198144	2.19109939
mitoC2	unstructured	9	unstructured_mitoC2_draw09	Chr27	4410829	4415811	4982	37	4413710	11.3377877			4410900	3.20152503
mitoC2	unstructured	9	unstructured_mitoC2_draw09	Chr27	6460819	6467069	6250	28	6463617	10.33939636			6462211	4.03640423
mitoC2	unstructured	9	unstructured_mitoC2_draw09	Chr27	6523696	6527729	4033	30	6526471	10.08988749			6524385	3.67013923
mitoC2	unstructured	9	unstructured_mitoC2_draw09	Chr27	3539925	3546223	6298	43	3542318	9.44920186			3540513	2.41464609
mitoC2	unstructured	9	unstructured_mitoC2_draw09	Chr27	6429514	6445515	16001	65	6439935	8.7904559			6439025	3.9446526
mitoC2	unstructured	9	unstructured_mitoC2_draw09	Chr27	3302865	3309398	6533	36	3305226	8.3530852			3303897	3.69094609
mitoC2	unstructured	9	unstructured_mitoC2_draw09	Chr27	6682415	6689327	6912	31	6683192	8.22940853			6682914	3.86016481
mitoC2	unstructured	9	unstructured_mitoC2_draw09	Chr27	5656894	5665932	9038	34	5658532	7.77431146			5657080	3.10933126
mitoC2	unstructured	9	unstructured_mitoC2_draw09	Chr3	10326107	10353814	27707	317	10331237	91.20344505			10329664	3.11003324
mitoC2	unstructured	9	unstructured_mitoC2_draw09	Chr3	5669873	6065893	396020	367	6023895	76.88963302			6002538	2.5540922
mitoC2	unstructured	9	unstructured_mitoC2_draw09	Chr3	9794021	9804609	10588	73	9797923	16.76034505			9796880	3.99837695
mitoC2	unstructured	9	unstructured_mitoC2_draw09	Chr3	2037120	2042975	5855	38	2037481	15.19538738			2037203	3.64740515
mitoC2	unstructured	9	unstructured_mitoC2_draw09	Chr3	3490123	3498026	7903	51	3494483	10.40572121			3493282	3.42420834
mitoC2	unstructured	9	unstructured_mitoC2_draw09	Chr3	12574890	12579670	4780	36	12576866	9.89469379			12575822	4.13223036
mitoC2	unstructured	9	unstructured_mitoC2_draw09	Chr4	14357429	14378082	20653	133	14361547	18.44659985			14359956	3.67683599
mitoC2	unstructured	9	unstructured_mitoC2_draw09	Chr4	6941590	6948729	7139	44	6942700	18.40639409			6942366	4.05447543
mitoC2	unstructured	9	unstructured_mitoC2_draw09	Chr4	16098564	16238206	139642	65	16109186	13.01503827			16134969	3.95008584
mitoC2	unstructured	9	unstructured_mitoC2_draw09	Chr4	15603192	15611054	7862	44	15606883	11.02769419			15606883	2.94124811
mitoC2	unstructured	9	unstructured_mitoC2_draw09	Chr4	10824825	10853688	28863	86	10847148	10.83229603			10825877	3.50432531
mitoC2	unstructured	9	unstructured_mitoC2_draw09	Chr4	15255943	15258267	2324	33	15256849	10.63107819			15256655	2.64549063
mitoC2	unstructured	9	unstructured_mitoC2_draw09	Chr4	9685884	9689066	3182	32	9686745	10.21730325			9686544	2.30184734
mitoC2	unstructured	9	unstructured_mitoC2_draw09	Chr4	11101374	11107015	5641	37	11103965	10.18106074			11102981	3.06318316
mitoC2	unstructured	9	unstructured_mitoC2_draw09	Chr4	13645676	13657987	12311	78	13649971	10.11235242			13649688	2.7200956
mitoC2	unstructured	9	unstructured_mitoC2_draw09	Chr5	5557865	5564783	6918	50	5558527	13.96511654			5558025	3.19406583
mitoC2	unstructured	9	unstructured_mitoC2_draw09	Chr5	10375848	10395759	19911	70	10392740	13.79285002			10392607	2.49478188
mitoC2	unstructured	9	unstructured_mitoC2_draw09	Chr5	10682529	10713599	31070	78	10706287	9.6537931			10686832	2.20311176
mitoC2	unstructured	9	unstructured_mitoC2_draw09	Chr6	6848557	6860518	11961	67	6853121	17.02683877			6848803	3.12252595
mitoC2	unstructured	9	unstructured_mitoC2_draw09	Chr6	4052901	4069997	17096	51	4060434	11.16111166			4053371	3.3928441
mitoC2	unstructured	9	unstructured_mitoC2_draw09	Chr6	6595705	6598367	2662	29	6596196	9.61457738			6596196	2.68809404
mitoC2	unstructured	9	unstructured_mitoC2_draw09	Chr6	10780813	10887859	107046	138	10802559	9.03762197			10802559	2.32238418
mitoC2	unstructured	9	unstructured_mitoC2_draw09	Chr6	10585539	10610458	24919	61	10601353	8.96317471999999			10587962	3.53301753
mitoC2	unstructured	9	unstructured_mitoC2_draw09	Chr6	4196035	4200706	4671	25	4196617	8.90154804			4196091	2.37141936
mitoC2	unstructured	9	unstructured_mitoC2_draw09	Chr6	6120585	6126508	5923	40	6120995	8.75227922			6120777	2.96607322
mitoC2	unstructured	9	unstructured_mitoC2_draw09	Chr7	7441783	7461738	19955	72	7448355	21.57144428			7442197	2.71204056
mitoC2	unstructured	9	unstructured_mitoC2_draw09	Chr7	9673779	9677255	3476	62	9675364	13.32192194			9675258	2.48423877
mitoC2	unstructured	9	unstructured_mitoC2_draw09	Chr7	6979100	6995847	16747	60	6990168	12.1181839			6986213	2.46924459
mitoC2	unstructured	9	unstructured_mitoC2_draw09	Chr7	7526541	7531528	4987	45	7526974	11.2421273			7526670	3.7080463
mitoC2	unstructured	9	unstructured_mitoC2_draw09	Chr7	8505602	8512025	6423	51	8507834	9.31317254			8506592	3.27694081
mitoC2	unstructured	9	unstructured_mitoC2_draw09	Chr7	7312665	7316753	4088	31	7314543	8.664042			7314538	2.29064594
mitoC2	unstructured	9	unstructured_mitoC2_draw09	Chr7	8139914	8145540	5626	34	8141070	8.36598139			8139979	2.80089144
mitoC2	unstructured	9	unstructured_mitoC2_draw09	Chr8	2710899	5733800	3022901	4442	4651520	541.686348619999			4556479	3.40003189
mitoC2	unstructured	9	unstructured_mitoC2_draw09	Chr8	1519830	1675183	155353	265	1630068	25.77610918			1576891	2.49717162
mitoC2	unstructured	9	unstructured_mitoC2_draw09	Chr8	6271393	6429912	158519	157	6337389	21.8043705			6296283	2.15798175
mitoC2	unstructured	9	unstructured_mitoC2_draw09	Chr8	6761083	6812789	51706	126	6798414	19.82471695			6797706	2.39228071
mitoC2	unstructured	9	unstructured_mitoC2_draw09	Chr8	2585337	2681700	96363	209	2646377	16.36609938			2600115	2.2484906
mitoC2	unstructured	9	unstructured_mitoC2_draw09	Chr8	8486033	8495403	9370	50	8488297	15.11927751			8487856	3.14726343
mitoC2	unstructured	9	unstructured_mitoC2_draw09	Chr8	867152	982802	115650	62	886610	13.69083731			880656	3.0463381
mitoC2	unstructured	9	unstructured_mitoC2_draw09	Chr8	1415017	1482953	67936	110	1455807	12.1627499			1452126	2.17335838
mitoC2	unstructured	9	unstructured_mitoC2_draw09	Chr8	11800509	11810084	9575	60	11805833	11.66608102			11805833	5.37430225
mitoC2	unstructured	9	unstructured_mitoC2_draw09	Chr8	8472946	8477303	4357	27	8474034	9.01601934			8473772	4.02415955
mitoC2	unstructured	9	unstructured_mitoC2_draw09	Chr9	3485626	3550918	65292	217	3520630	57.17945741			3520630	4.49463094
mitoC2	unstructured	9	unstructured_mitoC2_draw09	Chr9	5660875	5675784	14909	89	5671251	12.09661107			5661287	3.04543805
mitoC2	unstructured	9	unstructured_mitoC2_draw09	Chr9	7273150	7280253	7103	42	7275473	10.60684964			7275462	3.44046313
mitoC2	unstructured	9	unstructured_mitoC2_draw09	Chr9	5636963	5644391	7428	46	5639372	9.73203484			5637664	3.76708514
mitoC2	unstructured	9	unstructured_mitoC2_draw09	Chr9	5187038	5190631	3593	36	5187887	9.49225607			5187655	2.6682241
mitoC2	unstructured	9	unstructured_mitoC2_draw09	Chr9	9922847	9929098	6251	36	9924439	9.49135919			9924070	3.32066479
mitoC2	unstructured	9	unstructured_mitoC2_draw09	Chr9	5699670	5707230	7560	57	5702358	8.6446929			5702261	3.21414319
mitoC2	unstructured	10	unstructured_mitoC2_draw10	Chr1	2426936	6023750	3596814	2749	5886862	324.87508895			2428163	3.50904435
mitoC2	unstructured	10	unstructured_mitoC2_draw10	Chr1	6173373	6228819	55446	294	6191359	52.81395412			6177643	3.02292945
mitoC2	unstructured	10	unstructured_mitoC2_draw10	Chr1	14157038	14172345	15307	87	14164502	23.90866359			14158785	3.95837392
mitoC2	unstructured	10	unstructured_mitoC2_draw10	Chr1	10972277	10981183	8906	70	10973955	18.01440521			10972682	3.1914286
mitoC2	unstructured	10	unstructured_mitoC2_draw10	Chr1	13880283	13918985	38702	90	13892902	12.51810347			13888168	3.34011075
mitoC2	unstructured	10	unstructured_mitoC2_draw10	Chr1	12344152	12350980	6828	56	12345586	11.60774544			12345458	3.19848453
mitoC2	unstructured	10	unstructured_mitoC2_draw10	Chr1	7925556	7938451	12895	31	7932330	9.09820083			7926184	3.46276663
mitoC2	unstructured	10	unstructured_mitoC2_draw10	Chr10	11747575	11755676	8101	53	11751335	14.93876388			11749047	4.25797711
mitoC2	unstructured	10	unstructured_mitoC2_draw10	Chr10	11717329	11723356	6027	43	11719972	10.94203392			11719094	2.45191616
mitoC2	unstructured	10	unstructured_mitoC2_draw10	Chr11	5482375	5497083	14708	53	5490184	13.44884504			5482765	2.75523161
mitoC2	unstructured	10	unstructured_mitoC2_draw10	Chr11	5452520	5457028	4508	22	5452779	8.80490211			5452683	3.39284369
mitoC2	unstructured	10	unstructured_mitoC2_draw10	Chr11	5539320	5548240	8920	62	5545502	8.37286895			5547654	2.3616493
mitoC2	unstructured	10	unstructured_mitoC2_draw10	Chr12	3790950	3805375	14425	49	3799101	15.9128928			3793039	2.44176348
mitoC2	unstructured	10	unstructured_mitoC2_draw10	Chr12	7345580	7350670	5090	55	7346585	13.49621887			7345986	3.26020347
mitoC2	unstructured	10	unstructured_mitoC2_draw10	Chr13	3895888	3980516	84628	129	3957228	26.61400792			3897707	2.87657608
mitoC2	unstructured	10	unstructured_mitoC2_draw10	Chr13	3634829	3661689	26860	92	3642419	17.24219758			3635567	3.27481531
mitoC2	unstructured	10	unstructured_mitoC2_draw10	Chr13	5990895	5994899	4004	28	5991873	11.06178631			5991668	3.76259743
mitoC2	unstructured	10	unstructured_mitoC2_draw10	Chr13	3488783	3496793	8010	32	3489071	10.7581149			3489005	2.49904239
mitoC2	unstructured	10	unstructured_mitoC2_draw10	Chr13	3885576	3895183	9607	30	3889480	9.17568223			3888289	3.51387948
mitoC2	unstructured	10	unstructured_mitoC2_draw10	Chr13	7624229	7633077	8848	50	7626829	9.04495281			7625892	2.89702915
mitoC2	unstructured	10	unstructured_mitoC2_draw10	Chr13	8405798	8413044	7246	59	8409242	8.94547859			8407378	3.03286956
mitoC2	unstructured	10	unstructured_mitoC2_draw10	Chr13	10637577	10638791	1214	22	10637826	8.45170788			10637698	2.52712555
mitoC2	unstructured	10	unstructured_mitoC2_draw10	Chr14	5939435	5983395	43960	94	5943420	30.31901845			5940227	4.69865636
mitoC2	unstructured	10	unstructured_mitoC2_draw10	Chr14	579886	613157	33271	191	593636	19.9049476			584619	2.12079962
mitoC2	unstructured	10	unstructured_mitoC2_draw10	Chr14	6064159	6076489	12330	57	6068605	11.28993194			6064733	2.88510341
mitoC2	unstructured	10	unstructured_mitoC2_draw10	Chr14	6218294	6225844	7550	37	6222069	10.41015947			6220616	3.63596212
mitoC2	unstructured	10	unstructured_mitoC2_draw10	Chr14	1044081	1088213	44132	147	1078793	8.16988113			1084857	1.92044176
mitoC2	unstructured	10	unstructured_mitoC2_draw10	Chr15	9849087	9854966	5879	44	9850938	14.15857467			9850338	3.46790217
mitoC2	unstructured	10	unstructured_mitoC2_draw10	Chr15	8722588	8735133	12545	72	8728846	12.06420507			8732365	2.39293844
mitoC2	unstructured	10	unstructured_mitoC2_draw10	Chr15	4913905	4917389	3484	33	4915220	11.15520817			4913990	2.45752243
mitoC2	unstructured	10	unstructured_mitoC2_draw10	Chr15	5094660	5109076	14416	60	5101945	10.67289612			5096240	3.03994923
mitoC2	unstructured	10	unstructured_mitoC2_draw10	Chr15	7645809	7649184	3375	26	7646065	8.26266844			7646065	3.846829
mitoC2	unstructured	10	unstructured_mitoC2_draw10	Chr16	8369051	8377765	8714	64	8372392	12.20533404			8371954	3.63468192
mitoC2	unstructured	10	unstructured_mitoC2_draw10	Chr16	8385626	8395754	10128	52	8389016	11.60969351			8389016	2.8733931
mitoC2	unstructured	10	unstructured_mitoC2_draw10	Chr16	625814	721182	95368	117	671597	9.65497107			669766	3.00873822
mitoC2	unstructured	10	unstructured_mitoC2_draw10	Chr16	520252	552186	31934	66	524402	8.19730891			548201	3.05231581
mitoC2	unstructured	10	unstructured_mitoC2_draw10	Chr17	7603693	7623927	20234	59	7618543	12.26931762			7606193	2.70345
mitoC2	unstructured	10	unstructured_mitoC2_draw10	Chr18	3028298	3037208	8910	33	3031863	11.25340155			3030295	3.34907711
mitoC2	unstructured	10	unstructured_mitoC2_draw10	Chr18	2954441	2959515	5074	33	2956759	9.11456184			2956439	2.56676543
mitoC2	unstructured	10	unstructured_mitoC2_draw10	Chr19	3017846	3032980	15134	87	3022229	23.29984047			3021263	3.71912138
mitoC2	unstructured	10	unstructured_mitoC2_draw10	Chr19	4502125	4508449	6324	35	4504430	12.35023615			4504002	3.73247999
mitoC2	unstructured	10	unstructured_mitoC2_draw10	Chr19	4311885	4319806	7921	38	4313011	8.89593208			4312077	3.4917098
mitoC2	unstructured	10	unstructured_mitoC2_draw10	Chr19	4766825	4770644	3819	18	4766874	8.15214509			4766874	3.8392068
mitoC2	unstructured	10	unstructured_mitoC2_draw10	Chr19	3405926	3413485	7559	51	3411605	8.13625175			3408622	3.57006423
mitoC2	unstructured	10	unstructured_mitoC2_draw10	Chr19	2689439	2691745	2306	20	2690017	7.72366852			2689883	3.31009186
mitoC2	unstructured	10	unstructured_mitoC2_draw10	Chr19	3876510	3879283	2773	25	3876776	7.69918719			3876776	3.15390958
mitoC2	unstructured	10	unstructured_mitoC2_draw10	Chr2	9129738	9195469	65731	171	9166653	25.59064359			9184597	3.5603487
mitoC2	unstructured	10	unstructured_mitoC2_draw10	Chr2	10997086	11008917	11831	71	11002866	18.96236573			10997709	2.77150081
mitoC2	unstructured	10	unstructured_mitoC2_draw10	Chr2	7357662	7401580	43918	122	7382473	17.23555893			7362591	3.07119113
mitoC2	unstructured	10	unstructured_mitoC2_draw10	Chr2	8608058	8616203	8145	41	8609351	11.85896496			8609351	4.453236
mitoC2	unstructured	10	unstructured_mitoC2_draw10	Chr2	11784107	11790972	6865	54	11789042	11.20404749			11785663	3.1499113
mitoC2	unstructured	10	unstructured_mitoC2_draw10	Chr2	5934494	5939808	5314	41	5937018	9.71718703			5934918	2.29811039
mitoC2	unstructured	10	unstructured_mitoC2_draw10	Chr2	12294378	12303717	9339	57	12297001	9.67392919			12297001	2.89727802
mitoC2	unstructured	10	unstructured_mitoC2_draw10	Chr2	9231446	9241310	9864	46	9234176	9.58342682			9239299	2.58674356
mitoC2	unstructured	10	unstructured_mitoC2_draw10	Chr2	11120861	11127855	6994	50	11121961	9.38604006			11125257	2.47565923
mitoC2	unstructured	10	unstructured_mitoC2_draw10	Chr2	13445371	13449995	4624	33	13446408	8.85330638			13446408	3.01727604
mitoC2	unstructured	10	unstructured_mitoC2_draw10	Chr20	7811706	7818556	6850	53	7814644	15.62549597			7814261	4.12881765
mitoC2	unstructured	10	unstructured_mitoC2_draw10	Chr20	5741533	5752240	10707	59	5749501	10.26488913			5745208	3.42956357
mitoC2	unstructured	10	unstructured_mitoC2_draw10	Chr20	6599937	6608953	9016	48	6605187	9.2842951			6601650	3.79283731
mitoC2	unstructured	10	unstructured_mitoC2_draw10	Chr21	6847826	6855621	7795	59	6852268	12.57217829			6850159	3.59091098
mitoC2	unstructured	10	unstructured_mitoC2_draw10	Chr21	9631195	9635242	4047	36	9632016	10.22781262			9631532	4.42812634
mitoC2	unstructured	10	unstructured_mitoC2_draw10	Chr22	4088322	4093483	5161	31	4089293	11.1723571			4088641	3.26542711
mitoC2	unstructured	10	unstructured_mitoC2_draw10	Chr22	5393703	5396083	2380	25	5394633	8.36072899			5393759	3.79093205
mitoC2	unstructured	10	unstructured_mitoC2_draw10	Chr24	1309098	1961583	652485	1349	1680153	495.75467643			1678633	5.10891449
mitoC2	unstructured	10	unstructured_mitoC2_draw10	Chr25	9247296	9282044	34748	147	9264978	33.60499812			9263609	3.58085794
mitoC2	unstructured	10	unstructured_mitoC2_draw10	Chr25	7923433	7969950	46517	157	7949333	28.77658694			7946528	2.38152923
mitoC2	unstructured	10	unstructured_mitoC2_draw10	Chr25	12725039	12740746	15707	88	12736569	11.37095849			12732974	3.69368606
mitoC2	unstructured	10	unstructured_mitoC2_draw10	Chr25	10656130	10672665	16535	85	10657341	10.76854284			10657341	3.01743083
mitoC2	unstructured	10	unstructured_mitoC2_draw10	Chr26	7455506	7497848	42342	156	7484506	36.05669293			7470429	2.72848882
mitoC2	unstructured	10	unstructured_mitoC2_draw10	Chr26	9711988	9722737	10749	59	9714999	11.82920503			9714999	3.99384799
mitoC2	unstructured	10	unstructured_mitoC2_draw10	Chr27	6921176	7037507	116331	283	7037507	67.83083092			6926502	3.13101687
mitoC2	unstructured	10	unstructured_mitoC2_draw10	Chr3	3783696	3839749	56053	139	3815411	31.13640159			3801690	2.07269716
mitoC2	unstructured	10	unstructured_mitoC2_draw10	Chr3	2516980	2531174	14194	69	2517528	14.49483479			2517527	3.20102064
mitoC2	unstructured	10	unstructured_mitoC2_draw10	Chr3	13339289	13344833	5544	37	13341940	12.16311698			13339786	4.66274333
mitoC2	unstructured	10	unstructured_mitoC2_draw10	Chr3	13498568	13542592	44024	62	13513717	10.60375499			13512744	1.95486222
mitoC2	unstructured	10	unstructured_mitoC2_draw10	Chr4	12668215	12723843	55628	242	12687776	84.1426206			12674983	6.12044528
mitoC2	unstructured	10	unstructured_mitoC2_draw10	Chr4	10841665	11019533	177868	155	10988052	21.22019107			10845773	4.36201288
mitoC2	unstructured	10	unstructured_mitoC2_draw10	Chr4	7347157	7404772	57615	50	7391970	9.98582588			7402992	3.02509837
mitoC2	unstructured	10	unstructured_mitoC2_draw10	Chr4	6132103	6137830	5727	24	6135017	9.00728749			6132392	3.60545146
mitoC2	unstructured	10	unstructured_mitoC2_draw10	Chr4	11393030	11396126	3096	21	11393291	8.96878639			11393279	2.43182743
mitoC2	unstructured	10	unstructured_mitoC2_draw10	Chr5	5159787	5166531	6744	29	5161403	8.56608648			5159849	3.22374844
mitoC2	unstructured	10	unstructured_mitoC2_draw10	Chr6	3057607	3064529	6922	37	3059064	13.2459353			3057855	3.43752484
mitoC2	unstructured	10	unstructured_mitoC2_draw10	Chr6	3260981	3268213	7232	34	3263246	10.87232891			3262468	3.04348907
mitoC2	unstructured	10	unstructured_mitoC2_draw10	Chr6	8157864	8160557	2693	37	8158781	10.79479631			8158781	2.78076521
mitoC2	unstructured	10	unstructured_mitoC2_draw10	Chr6	7915049	7922840	7791	45	7917883	10.34430109			7915556	2.81559211
mitoC2	unstructured	10	unstructured_mitoC2_draw10	Chr6	3176684	3182299	5615	29	3177265	8.64866552			3176812	3.18546101
mitoC2	unstructured	10	unstructured_mitoC2_draw10	Chr6	5163726	5169417	5691	39	5164385	8.55956915			5164190	2.18833634
mitoC2	unstructured	10	unstructured_mitoC2_draw10	Chr7	12165281	12208375	43094	242	12196596	44.05730725			12194591	5.77814069
mitoC2	unstructured	10	unstructured_mitoC2_draw10	Chr7	6665361	6668603	3242	25	6666514	8.65358755			6666289	3.57397904
mitoC2	unstructured	10	unstructured_mitoC2_draw10	Chr8	11945366	11947889	2523	28	11945461	12.24039642			11945396	3.83224761
mitoC2	unstructured	10	unstructured_mitoC2_draw10	Chr8	4983361	5338440	355079	27	5016662	10.16292463			5015804	3.85361039
mitoC2	unstructured	10	unstructured_mitoC2_draw10	Chr8	7742283	7744465	2182	25	7742361	7.9321275			7742323	2.19921851
mitoC2	unstructured	10	unstructured_mitoC2_draw10	Chr9	1954562	1979655	25093	78	1976041	12.19807614			1976041	2.80233817
mitoC2	unstructured	10	unstructured_mitoC2_draw10	Chr9	2892708	2899894	7186	54	2894333	11.93202817			2893936	3.34820355
mitoC2	unstructured	10	unstructured_mitoC2_draw10	Chr9	2546561	2552909	6348	43	2547391	9.8502715			2547391	2.96749417
mitoC2	unstructured	10	unstructured_mitoC2_draw10	Chr9	3842611	3855972	13361	48	3846915	9.10838276			3845806	2.89195088
mitoC2	unstructured	10	unstructured_mitoC2_draw10	Chr9	4049682	4054561	4879	31	4051087	9.01976083			4051087	2.36408504
mitoC2	unstructured	10	unstructured_mitoC2_draw10	Chr9	6847269	6851159	3890	28	6849647	8.82964909			6849320	3.72670563
mitoC2	unstructured	10	unstructured_mitoC2_draw10	Chr9	10253925	10267058	13133	52	10258768	8.08354648			10255177	2.94177
